{
    "name": "adapter_sdk",
    "title": "适配移动端",
    "description": "",
    "specVersion": "1.0.0",
    "type": "module",
    "subType": "extension",
    "version": "1.0.0",
    "frontends": [
        {
            "concept": "FrontendLibrary",
            "name": "pc",
            "type": "pc",
            "viewComponents": [],
            "logics": [
                {
                    "concept": "Logic",
                    "name": "init",
                    "description": "初始化",
                    "category": "adapter_sdk"
                }
            ]
        },
        {
            "concept": "FrontendLibrary",
            "name": "h5",
            "type": "h5",
            "viewComponents": [],
            "logics": [
                {
                    "concept": "Logic",
                    "name": "init",
                    "description": "初始化",
                    "category": "adapter_sdk"
                }
            ]
        }
    ],
    "summary": {
        "name": "adapter_sdk",
        "title": "适配移动端",
        "version": "1.0.0",
        "description": "",
        "frontends": [
            {
                "type": "pc",
                "viewComponents": [],
                "logics": [
                    {
                        "name": "init",
                        "description": "初始化"
                    }
                ]
            },
            {
                "type": "h5",
                "viewComponents": [],
                "logics": [
                    {
                        "name": "init",
                        "description": "初始化"
                    }
                ]
            }
        ]
    },
    "compilerInfoMap": {
        "js": {
            "prefix": "extension"
        }
    },
    "ideVersion": "3.2"
}