{
    "name": "img_to_base_64_library",
    "title": "图片url转base64",
    "description": "",
    "specVersion": "1.0.0",
    "type": "module",
    "subType": "extension",
    "version": "0.1.1",
    "frontends": [
        {
            "concept": "FrontendLibrary",
            "name": "pc",
            "type": "pc",
            "viewComponents": [],
            "logics": [
                {
                    "concept": "Logic",
                    "name": "contentToFile",
                    "description": "内容转文件链接并下载",
                    "category": "img_to_base_64_library",
                    "params": [
                        {
                            "name": "content",
                            "concept": "Param",
                            "description": "文件内容",
                            "required": false,
                            "typeAnnotation": {
                                "concept": "TypeAnnotation",
                                "typeKind": "primitive",
                                "typeName": "String",
                                "typeNamespace": "nasl.core"
                            }
                        },
                        {
                            "name": "type",
                            "concept": "Param",
                            "description": "文件后缀",
                            "required": false,
                            "typeAnnotation": {
                                "concept": "TypeAnnotation",
                                "typeKind": "primitive",
                                "typeName": "String",
                                "typeNamespace": "nasl.core"
                            }
                        },
                        {
                            "name": "filename",
                            "concept": "Param",
                            "description": "文件",
                            "required": false,
                            "typeAnnotation": {
                                "concept": "TypeAnnotation",
                                "typeKind": "primitive",
                                "typeName": "String",
                                "typeNamespace": "nasl.core"
                            }
                        }
                    ],
                    "returns": [
                        {
                            "name": "return",
                            "concept": "Return",
                            "typeAnnotation": {
                                "concept": "TypeAnnotation",
                                "typeKind": "primitive",
                                "typeName": "String",
                                "typeNamespace": "nasl.core"
                            }
                        }
                    ]
                },
                {
                    "concept": "Logic",
                    "name": "imgToBase64",
                    "description": "图片url转base64",
                    "category": "img_to_base_64_library",
                    "params": [
                        {
                            "name": "url",
                            "concept": "Param",
                            "description": " 图片地址",
                            "required": false,
                            "typeAnnotation": {
                                "concept": "TypeAnnotation",
                                "typeKind": "primitive",
                                "typeName": "String",
                                "typeNamespace": "nasl.core"
                            }
                        },
                        {
                            "name": "compression",
                            "concept": "Param",
                            "description": "清晰度0-1,默认1最清晰",
                            "required": false,
                            "typeAnnotation": {
                                "concept": "TypeAnnotation",
                                "typeKind": "primitive",
                                "typeName": "String",
                                "typeNamespace": "nasl.core"
                            }
                        },
                        {
                            "name": "boundary",
                            "concept": "Param",
                            "description": "边界值",
                            "required": false,
                            "typeAnnotation": {
                                "concept": "TypeAnnotation",
                                "typeKind": "primitive",
                                "typeName": "String",
                                "typeNamespace": "nasl.core"
                            }
                        }
                    ],
                    "returns": [
                        {
                            "name": "result",
                            "concept": "Return",
                            "typeAnnotation": {
                                "concept": "TypeAnnotation",
                                "typeKind": "primitive",
                                "typeName": "String",
                                "typeNamespace": "nasl.core"
                            }
                        }
                    ]
                }
            ]
        },
        {
            "concept": "FrontendLibrary",
            "name": "h5",
            "type": "h5",
            "viewComponents": [],
            "logics": [
                {
                    "concept": "Logic",
                    "name": "contentToFile",
                    "description": "内容转文件链接并下载",
                    "category": "img_to_base_64_library",
                    "params": [
                        {
                            "name": "content",
                            "concept": "Param",
                            "description": "文件内容",
                            "required": false,
                            "typeAnnotation": {
                                "concept": "TypeAnnotation",
                                "typeKind": "primitive",
                                "typeName": "String",
                                "typeNamespace": "nasl.core"
                            }
                        },
                        {
                            "name": "type",
                            "concept": "Param",
                            "description": "文件后缀",
                            "required": false,
                            "typeAnnotation": {
                                "concept": "TypeAnnotation",
                                "typeKind": "primitive",
                                "typeName": "String",
                                "typeNamespace": "nasl.core"
                            }
                        },
                        {
                            "name": "filename",
                            "concept": "Param",
                            "description": "文件",
                            "required": false,
                            "typeAnnotation": {
                                "concept": "TypeAnnotation",
                                "typeKind": "primitive",
                                "typeName": "String",
                                "typeNamespace": "nasl.core"
                            }
                        }
                    ],
                    "returns": [
                        {
                            "name": "return",
                            "concept": "Return",
                            "typeAnnotation": {
                                "concept": "TypeAnnotation",
                                "typeKind": "primitive",
                                "typeName": "String",
                                "typeNamespace": "nasl.core"
                            }
                        }
                    ]
                },
                {
                    "concept": "Logic",
                    "name": "imgToBase64",
                    "description": "图片url转base64",
                    "category": "img_to_base_64_library",
                    "params": [
                        {
                            "name": "url",
                            "concept": "Param",
                            "description": " 图片地址",
                            "required": false,
                            "typeAnnotation": {
                                "concept": "TypeAnnotation",
                                "typeKind": "primitive",
                                "typeName": "String",
                                "typeNamespace": "nasl.core"
                            }
                        },
                        {
                            "name": "compression",
                            "concept": "Param",
                            "description": "清晰度0-1,默认1最清晰",
                            "required": false,
                            "typeAnnotation": {
                                "concept": "TypeAnnotation",
                                "typeKind": "primitive",
                                "typeName": "String",
                                "typeNamespace": "nasl.core"
                            }
                        },
                        {
                            "name": "boundary",
                            "concept": "Param",
                            "description": "边界值",
                            "required": false,
                            "typeAnnotation": {
                                "concept": "TypeAnnotation",
                                "typeKind": "primitive",
                                "typeName": "String",
                                "typeNamespace": "nasl.core"
                            }
                        }
                    ],
                    "returns": [
                        {
                            "name": "result",
                            "concept": "Return",
                            "typeAnnotation": {
                                "concept": "TypeAnnotation",
                                "typeKind": "primitive",
                                "typeName": "String",
                                "typeNamespace": "nasl.core"
                            }
                        }
                    ]
                }
            ]
        }
    ],
    "summary": {
        "name": "img_to_base_64_library",
        "title": "图片url转base64",
        "version": "0.1.1",
        "description": "",
        "frontends": [
            {
                "type": "pc",
                "viewComponents": [],
                "logics": [
                    {
                        "name": "contentToFile",
                        "description": "内容转文件链接并下载"
                    },
                    {
                        "name": "imgToBase64",
                        "description": "图片url转base64"
                    }
                ]
            },
            {
                "type": "h5",
                "viewComponents": [],
                "logics": [
                    {
                        "name": "contentToFile",
                        "description": "内容转文件链接并下载"
                    },
                    {
                        "name": "imgToBase64",
                        "description": "图片url转base64"
                    }
                ]
            }
        ]
    },
    "compilerInfoMap": {
        "js": {
            "prefix": "extension"
        }
    },
    "ideVersion": "3.2"
}