{
    "name": "swiper_library",
    "title": "轮播图依赖库",
    "description": "",
    "specVersion": "1.0.0",
    "type": "module",
    "subType": "extension",
    "version": "0.1.2",
    "frontends": [
        {
            "concept": "FrontendLibrary",
            "name": "pc",
            "type": "pc",
            "viewComponents": [
                {
                    "concept": "ViewComponent",
                    "name": "cover-flow",
                    "title": "立体轮播图",
                    "category": "swiper_library(轮播图依赖库)",
                    "blocks": [
                        {
                            "title": "基本用法",
                            "description": "",
                            "code": "<template>\n<cover-flow\n  :imgWidth=\"200\"\n  :imgHeight=\"200\"\n></cover-flow>\n</template>"
                        }
                    ],
                    "attrs": [
                        {
                            "name": "imgWidth",
                            "type": "number",
                            "default": 200,
                            "description": "每张图片的宽度"
                        },
                        {
                            "name": "imgHeight",
                            "type": "number",
                            "default": 200,
                            "description": "每张图片的高度"
                        },
                        {
                            "name": "dataSource",
                            "type": "array",
                            "default": "",
                            "description": "用于展示coverflow的数据源，形如Array<{text: string, url: string}>"
                        }
                    ]
                },
                {
                    "concept": "ViewComponent",
                    "name": "gallery",
                    "title": "画廊",
                    "category": "swiper_library(轮播图依赖库)",
                    "blocks": [
                        {
                            "title": "基本用法",
                            "description": "",
                            "code": "<template>\n<gallery\n  :grid=\"2\"\n  :spaceBetween=\"0\"\n  :imgWidth=\"240\"\n  :imgHeight=\"196\"\n  :slidesPerView=\"5\"\n  :delay=\"2500\"\n></gallery>\n</template>"
                        }
                    ],
                    "attrs": [
                        {
                            "name": "grid",
                            "type": "number",
                            "default": 2,
                            "description": "行数"
                        },
                        {
                            "name": "spaceBetween",
                            "type": "number",
                            "default": 0,
                            "description": "图片间距"
                        },
                        {
                            "name": "imgWidth",
                            "type": "number",
                            "default": 240,
                            "description": "图片宽度"
                        },
                        {
                            "name": "imgHeight",
                            "type": "number",
                            "default": 196,
                            "description": "图片高度"
                        },
                        {
                            "name": "slidesPerView",
                            "type": "number",
                            "default": 5,
                            "description": "画布展示图片数量"
                        },
                        {
                            "name": "delay",
                            "type": "number",
                            "default": 2500,
                            "description": "autoplay延迟时间"
                        },
                        {
                            "name": "dataSource",
                            "type": "array",
                            "default": "",
                            "description": "用于展示gallery的数据源，形如Array<{link: string, url: string}>"
                        }
                    ]
                }
            ],
            "logics": []
        }
    ],
    "summary": {
        "name": "swiper_library",
        "title": "轮播图依赖库",
        "version": "0.1.2",
        "description": "",
        "frontends": [
            {
                "type": "pc",
                "viewComponents": [
                    {
                        "name": "cover-flow",
                        "title": "立体轮播图"
                    },
                    {
                        "name": "gallery",
                        "title": "画廊"
                    }
                ],
                "logics": []
            }
        ]
    },
    "compilerInfoMap": {
        "js": {
            "prefix": "extension"
        }
    },
    "ideVersion": "3.2"
}