{
    "name": "popo_sdk",
    "title": "泡泡依赖库",
    "description": "",
    "specVersion": "1.0.0",
    "type": "module",
    "subType": "extension",
    "version": "0.1.11",
    "frontends": [
        {
            "concept": "FrontendLibrary",
            "name": "h5",
            "type": "h5",
            "viewComponents": [],
            "logics": [
                {
                    "concept": "Logic",
                    "name": "chooseContactsAndSendMessage",
                    "description": "请在这里添加描述",
                    "category": "popo_sdk",
                    "params": [
                        {
                            "name": "image",
                            "concept": "Param",
                            "required": false,
                            "typeAnnotation": {
                                "concept": "TypeAnnotation",
                                "typeKind": "primitive",
                                "typeName": "String",
                                "typeNamespace": "nasl.core"
                            }
                        },
                        {
                            "name": "text",
                            "concept": "Param",
                            "required": false,
                            "typeAnnotation": {
                                "concept": "TypeAnnotation",
                                "typeKind": "primitive",
                                "typeName": "String",
                                "typeNamespace": "nasl.core"
                            }
                        }
                    ],
                    "returns": [
                        {
                            "name": "return",
                            "concept": "Return",
                            "typeAnnotation": {
                                "concept": "TypeAnnotation",
                                "typeKind": "primitive",
                                "typeName": "String",
                                "typeNamespace": "nasl.core"
                            }
                        }
                    ]
                },
                {
                    "concept": "Logic",
                    "name": "chooseContactsAndSendUrl",
                    "description": "唤起选人组件，并给指定的联系人发送网页链接",
                    "category": "popo_sdk",
                    "params": [
                        {
                            "name": "url",
                            "concept": "Param",
                            "required": false,
                            "typeAnnotation": {
                                "concept": "TypeAnnotation",
                                "typeKind": "primitive",
                                "typeName": "String",
                                "typeNamespace": "nasl.core"
                            }
                        },
                        {
                            "name": "urlTitle",
                            "concept": "Param",
                            "required": false,
                            "typeAnnotation": {
                                "concept": "TypeAnnotation",
                                "typeKind": "primitive",
                                "typeName": "String",
                                "typeNamespace": "nasl.core"
                            }
                        }
                    ],
                    "returns": [
                        {
                            "name": "return",
                            "concept": "Return",
                            "typeAnnotation": {
                                "concept": "TypeAnnotation",
                                "typeKind": "primitive",
                                "typeName": "String",
                                "typeNamespace": "nasl.core"
                            }
                        }
                    ]
                },
                {
                    "concept": "Logic",
                    "name": "downloadFile",
                    "description": "下载文件到本地",
                    "category": "popo_sdk",
                    "params": [
                        {
                            "name": "url",
                            "concept": "Param",
                            "description": "这是一个描述",
                            "required": false,
                            "typeAnnotation": {
                                "concept": "TypeAnnotation",
                                "typeKind": "primitive",
                                "typeName": "String",
                                "typeNamespace": "nasl.core"
                            }
                        },
                        {
                            "name": "path",
                            "concept": "Param",
                            "description": "这是一个描述",
                            "required": false,
                            "typeAnnotation": {
                                "concept": "TypeAnnotation",
                                "typeKind": "primitive",
                                "typeName": "String",
                                "typeNamespace": "nasl.core"
                            }
                        }
                    ],
                    "returns": [
                        {
                            "name": "return",
                            "concept": "Return",
                            "typeAnnotation": {
                                "concept": "TypeAnnotation",
                                "typeKind": "primitive",
                                "typeName": "String",
                                "typeNamespace": "nasl.core"
                            }
                        }
                    ]
                },
                {
                    "concept": "Logic",
                    "name": "getPlatformInfo",
                    "description": "获取系统信息",
                    "category": "popo_sdk",
                    "returns": [
                        {
                            "name": "result",
                            "concept": "Return",
                            "typeAnnotation": {
                                "concept": "TypeAnnotation",
                                "typeKind": "reference",
                                "typeName": "Platforminfo",
                                "typeNamespace": "extensions.popo_sdk.structures"
                            }
                        }
                    ]
                },
                {
                    "concept": "Logic",
                    "name": "login",
                    "description": "调用login获取登录凭证code",
                    "category": "popo_sdk",
                    "returns": [
                        {
                            "name": "result",
                            "concept": "Return",
                            "typeAnnotation": {
                                "concept": "TypeAnnotation",
                                "typeKind": "primitive",
                                "typeName": "String",
                                "typeNamespace": "nasl.core"
                            }
                        }
                    ]
                },
                {
                    "concept": "Logic",
                    "name": "navigateBack",
                    "description": "关闭当前页面，返回上一页面",
                    "category": "popo_sdk"
                },
                {
                    "concept": "Logic",
                    "name": "share",
                    "description": "分享到POPO聊天会话",
                    "category": "popo_sdk",
                    "params": [
                        {
                            "name": "mobileurl",
                            "concept": "Param",
                            "required": false,
                            "typeAnnotation": {
                                "concept": "TypeAnnotation",
                                "typeKind": "primitive",
                                "typeName": "String",
                                "typeNamespace": "nasl.core"
                            }
                        },
                        {
                            "name": "title",
                            "concept": "Param",
                            "required": false,
                            "typeAnnotation": {
                                "concept": "TypeAnnotation",
                                "typeKind": "primitive",
                                "typeName": "String",
                                "typeNamespace": "nasl.core"
                            }
                        },
                        {
                            "name": "content",
                            "concept": "Param",
                            "required": false,
                            "typeAnnotation": {
                                "concept": "TypeAnnotation",
                                "typeKind": "primitive",
                                "typeName": "String",
                                "typeNamespace": "nasl.core"
                            }
                        },
                        {
                            "name": "contentUrl",
                            "concept": "Param",
                            "required": false,
                            "typeAnnotation": {
                                "concept": "TypeAnnotation",
                                "typeKind": "primitive",
                                "typeName": "String",
                                "typeNamespace": "nasl.core"
                            }
                        }
                    ],
                    "returns": [
                        {
                            "name": "result",
                            "concept": "Return",
                            "typeAnnotation": {
                                "concept": "TypeAnnotation",
                                "typeKind": "primitive",
                                "typeName": "String",
                                "typeNamespace": "nasl.core"
                            }
                        }
                    ]
                },
                {
                    "concept": "Logic",
                    "name": "shareAppToFriend",
                    "description": "分享小程序给好友",
                    "category": "popo_sdk",
                    "params": [
                        {
                            "name": "shmobileurl",
                            "concept": "Param",
                            "required": false,
                            "typeAnnotation": {
                                "concept": "TypeAnnotation",
                                "typeKind": "primitive",
                                "typeName": "String",
                                "typeNamespace": "nasl.core"
                            }
                        },
                        {
                            "name": "shtitle",
                            "concept": "Param",
                            "required": false,
                            "typeAnnotation": {
                                "concept": "TypeAnnotation",
                                "typeKind": "primitive",
                                "typeName": "String",
                                "typeNamespace": "nasl.core"
                            }
                        },
                        {
                            "name": "shcontent",
                            "concept": "Param",
                            "required": false,
                            "typeAnnotation": {
                                "concept": "TypeAnnotation",
                                "typeKind": "primitive",
                                "typeName": "String",
                                "typeNamespace": "nasl.core"
                            }
                        },
                        {
                            "name": "shpcurl",
                            "concept": "Param",
                            "required": false,
                            "typeAnnotation": {
                                "concept": "TypeAnnotation",
                                "typeKind": "primitive",
                                "typeName": "String",
                                "typeNamespace": "nasl.core"
                            }
                        },
                        {
                            "name": "shiconurl",
                            "concept": "Param",
                            "required": false,
                            "typeAnnotation": {
                                "concept": "TypeAnnotation",
                                "typeKind": "primitive",
                                "typeName": "String",
                                "typeNamespace": "nasl.core"
                            }
                        }
                    ],
                    "returns": [
                        {
                            "name": "return",
                            "concept": "Return",
                            "typeAnnotation": {
                                "concept": "TypeAnnotation",
                                "typeKind": "primitive",
                                "typeName": "String",
                                "typeNamespace": "nasl.core"
                            }
                        }
                    ]
                },
                {
                    "concept": "Logic",
                    "name": "startWebView",
                    "description": "打开原生WebView",
                    "category": "popo_sdk",
                    "params": [
                        {
                            "name": "url",
                            "concept": "Param",
                            "description": "网页链接",
                            "required": true,
                            "typeAnnotation": {
                                "concept": "TypeAnnotation",
                                "typeKind": "primitive",
                                "typeName": "String",
                                "typeNamespace": "nasl.core"
                            }
                        }
                    ]
                }
            ]
        }
    ],
    "summary": {
        "name": "popo_sdk",
        "title": "泡泡依赖库",
        "version": "0.1.11",
        "description": "",
        "frontends": [
            {
                "type": "h5",
                "viewComponents": [],
                "logics": [
                    {
                        "name": "chooseContactsAndSendMessage",
                        "description": "请在这里添加描述"
                    },
                    {
                        "name": "chooseContactsAndSendUrl",
                        "description": "唤起选人组件，并给指定的联系人发送网页链接"
                    },
                    {
                        "name": "downloadFile",
                        "description": "下载文件到本地"
                    },
                    {
                        "name": "getPlatformInfo",
                        "description": "获取系统信息"
                    },
                    {
                        "name": "login",
                        "description": "调用login获取登录凭证code"
                    },
                    {
                        "name": "navigateBack",
                        "description": "关闭当前页面，返回上一页面"
                    },
                    {
                        "name": "share",
                        "description": "分享到POPO聊天会话"
                    },
                    {
                        "name": "shareAppToFriend",
                        "description": "分享小程序给好友"
                    },
                    {
                        "name": "startWebView",
                        "description": "打开原生WebView"
                    }
                ]
            }
        ]
    },
    "compilerInfoMap": {
        "js": {
            "prefix": "extension"
        }
    },
    "ideVersion": "3.2",
    "structures": [
        {
            "name": "PlatformInfo",
            "description": "系统信息",
            "properties": [
                {
                    "title": "系统类型",
                    "name": "platform",
                    "defaultValue": "false",
                    "typeAnnotation": {
                        "concept": "TypeAnnotation",
                        "typeKind": "primitive",
                        "typeName": "String",
                        "typeNamespace": "nasl.core"
                    }
                },
                {
                    "title": "系统细分类型",
                    "name": "subPlatform",
                    "defaultValue": "false",
                    "typeAnnotation": {
                        "concept": "TypeAnnotation",
                        "typeKind": "primitive",
                        "typeName": "String",
                        "typeNamespace": "nasl.core"
                    }
                },
                {
                    "title": "设备品牌",
                    "name": "model",
                    "defaultValue": "true",
                    "typeAnnotation": {
                        "concept": "TypeAnnotation",
                        "typeKind": "primitive",
                        "typeName": "String",
                        "typeNamespace": "nasl.core"
                    }
                },
                {
                    "title": "设备型号",
                    "name": "pixelRatio",
                    "defaultValue": "true",
                    "typeAnnotation": {
                        "concept": "TypeAnnotation",
                        "typeKind": "primitive",
                        "typeName": "String",
                        "typeNamespace": "nasl.core"
                    }
                },
                {
                    "title": "APP的版本号",
                    "name": "hostVersion",
                    "defaultValue": "true",
                    "typeAnnotation": {
                        "concept": "TypeAnnotation",
                        "typeKind": "primitive",
                        "typeName": "String",
                        "typeNamespace": "nasl.core"
                    }
                },
                {
                    "title": "APP构建版本号",
                    "name": "hostBuildVersion",
                    "defaultValue": "true",
                    "typeAnnotation": {
                        "concept": "TypeAnnotation",
                        "typeKind": "primitive",
                        "typeName": "String",
                        "typeNamespace": "nasl.core"
                    }
                }
            ]
        }
    ]
}