{
    "name": "cw_yidun_sdk",
    "title": "易盾sdk",
    "description": "",
    "specVersion": "1.0.0",
    "type": "module",
    "subType": "extension",
    "version": "0.1.3",
    "frontends": [
        {
            "concept": "FrontendLibrary",
            "name": "pc",
            "type": "pc",
            "viewComponents": [
                {
                    "concept": "ViewComponent",
                    "name": "cw-yidun-view",
                    "title": "易盾",
                    "category": "cw_yidun_sdk(易盾sdk)",
                    "blocks": [
                        {
                            "title": "基本用法",
                            "description": "",
                            "code": "<template>\n<cw-yidun-view containerId=\"captcha\"></cw-yidun-view>\n</template>"
                        }
                    ],
                    "attrs": [
                        {
                            "name": "containerId",
                            "title": "易盾组件id",
                            "type": "string",
                            "description": "易盾组件id,用于区分多个地方使用"
                        },
                        {
                            "name": "captchaId",
                            "title": "易盾captchaId",
                            "type": "string",
                            "description": "易盾captchaId,易盾官方提供"
                        }
                    ],
                    "events": [
                        {
                            "name": "onVerify",
                            "description": "验证成功事件",
                            "title": "验证成功事件",
                            "params": [
                                {
                                    "name": "value",
                                    "type": "string",
                                    "description": "传出的值"
                                }
                            ]
                        },
                        {
                            "name": "onVerifyError",
                            "description": "验证失败事件",
                            "title": "验证失败事件",
                            "params": [
                                {
                                    "name": "value",
                                    "type": "string",
                                    "description": "传出的值"
                                }
                            ]
                        }
                    ],
                    "methods": [
                        {
                            "name": "verify",
                            "description": "验证",
                            "title": "验证",
                            "params": []
                        },
                        {
                            "name": "refresh",
                            "description": "重置",
                            "title": "重置",
                            "params": []
                        }
                    ]
                }
            ],
            "logics": []
        }
    ],
    "summary": {
        "name": "cw_yidun_sdk",
        "title": "易盾sdk",
        "version": "0.1.3",
        "description": "",
        "frontends": [
            {
                "type": "pc",
                "viewComponents": [
                    {
                        "name": "cw-yidun-view",
                        "title": "易盾"
                    }
                ],
                "logics": []
            }
        ]
    },
    "compilerInfoMap": {
        "js": {
            "prefix": "extension"
        }
    },
    "ideVersion": "3.2"
}