{
    "name": "cw_cryptojs_library",
    "title": "前端加密依赖库",
    "description": "",
    "specVersion": "1.0.0",
    "type": "module",
    "subType": "extension",
    "version": "0.1.0",
    "frontends": [
        {
            "concept": "FrontendLibrary",
            "name": "pc",
            "type": "pc",
            "viewComponents": [],
            "logics": [
                {
                    "concept": "Logic",
                    "name": "encryptByDes",
                    "description": "Des加密",
                    "category": "cw_cryptojs_library",
                    "params": [
                        {
                            "name": "data",
                            "concept": "Param",
                            "description": "需要加密的内容",
                            "required": true,
                            "typeAnnotation": {
                                "concept": "TypeAnnotation",
                                "typeKind": "primitive",
                                "typeName": "String",
                                "typeNamespace": "nasl.core"
                            }
                        },
                        {
                            "name": "key",
                            "concept": "Param",
                            "description": "加密的key",
                            "required": true,
                            "typeAnnotation": {
                                "concept": "TypeAnnotation",
                                "typeKind": "primitive",
                                "typeName": "String",
                                "typeNamespace": "nasl.core"
                            }
                        },
                        {
                            "name": "iv",
                            "concept": "Param",
                            "description": "加密的iv",
                            "required": true,
                            "typeAnnotation": {
                                "concept": "TypeAnnotation",
                                "typeKind": "primitive",
                                "typeName": "String",
                                "typeNamespace": "nasl.core"
                            }
                        }
                    ],
                    "returns": [
                        {
                            "name": "result",
                            "concept": "Return",
                            "typeAnnotation": {
                                "concept": "TypeAnnotation",
                                "typeKind": "primitive",
                                "typeName": "String",
                                "typeNamespace": "nasl.core"
                            }
                        }
                    ]
                }
            ]
        },
        {
            "concept": "FrontendLibrary",
            "name": "h5",
            "type": "h5",
            "viewComponents": [],
            "logics": [
                {
                    "concept": "Logic",
                    "name": "encryptByDes",
                    "description": "Des加密",
                    "category": "cw_cryptojs_library",
                    "params": [
                        {
                            "name": "data",
                            "concept": "Param",
                            "description": "需要加密的内容",
                            "required": true,
                            "typeAnnotation": {
                                "concept": "TypeAnnotation",
                                "typeKind": "primitive",
                                "typeName": "String",
                                "typeNamespace": "nasl.core"
                            }
                        },
                        {
                            "name": "key",
                            "concept": "Param",
                            "description": "加密的key",
                            "required": true,
                            "typeAnnotation": {
                                "concept": "TypeAnnotation",
                                "typeKind": "primitive",
                                "typeName": "String",
                                "typeNamespace": "nasl.core"
                            }
                        },
                        {
                            "name": "iv",
                            "concept": "Param",
                            "description": "加密的iv",
                            "required": true,
                            "typeAnnotation": {
                                "concept": "TypeAnnotation",
                                "typeKind": "primitive",
                                "typeName": "String",
                                "typeNamespace": "nasl.core"
                            }
                        }
                    ],
                    "returns": [
                        {
                            "name": "result",
                            "concept": "Return",
                            "typeAnnotation": {
                                "concept": "TypeAnnotation",
                                "typeKind": "primitive",
                                "typeName": "String",
                                "typeNamespace": "nasl.core"
                            }
                        }
                    ]
                }
            ]
        }
    ],
    "summary": {
        "name": "cw_cryptojs_library",
        "title": "前端加密依赖库",
        "version": "0.1.0",
        "description": "",
        "frontends": [
            {
                "type": "pc",
                "viewComponents": [],
                "logics": [
                    {
                        "name": "encryptByDes",
                        "description": "Des加密"
                    }
                ]
            },
            {
                "type": "h5",
                "viewComponents": [],
                "logics": [
                    {
                        "name": "encryptByDes",
                        "description": "Des加密"
                    }
                ]
            }
        ]
    },
    "compilerInfoMap": {
        "js": {
            "prefix": "extension"
        }
    },
    "ideVersion": "3.2"
}