{
    "name": "cw_text_power_library",
    "title": "文本功能依赖库",
    "description": "",
    "specVersion": "1.0.0",
    "type": "module",
    "subType": "extension",
    "version": "0.1.2",
    "frontends": [
        {
            "concept": "FrontendLibrary",
            "name": "pc",
            "type": "pc",
            "viewComponents": [
                {
                    "concept": "ViewComponent",
                    "name": "cw-wang-editor",
                    "title": "富文本",
                    "category": "cw_text_power_library(文本功能依赖库)",
                    "blocks": [
                        {
                            "title": "基本用法",
                            "description": "",
                            "code": "<template>\n<cw-wang-editor scroll></cw-wang-editor>\n</template>"
                        }
                    ],
                    "attrs": [
                        {
                            "name": "value",
                            "title": "内容",
                            "type": "string",
                            "default": "",
                            "sync": true,
                            "model": false,
                            "description": "需要传入的文本内容"
                        },
                        {
                            "name": "readOnly",
                            "default": false,
                            "title": "启用只读模式",
                            "type": "boolean",
                            "description": "启用只读模式"
                        },
                        {
                            "name": "scroll",
                            "default": true,
                            "title": "启用滚动",
                            "type": "boolean",
                            "description": "启用滚动"
                        },
                        {
                            "name": "placeholder",
                            "default": "",
                            "title": "输入占位符",
                            "type": "string",
                            "description": "输入提示"
                        },
                        {
                            "name": "editorStyle",
                            "default": "",
                            "title": "编辑器样式",
                            "type": "string",
                            "description": "编辑器样式CSS"
                        },
                        {
                            "name": "uploadImgServer",
                            "default": "",
                            "title": "上传图片地址",
                            "type": "string",
                            "description": "上传图片地址"
                        }
                    ],
                    "events": [
                        {
                            "name": "change",
                            "title": "内容改变时",
                            "description": "内容修改时触发",
                            "params": [
                                {
                                    "name": "$event.value",
                                    "type": "string",
                                    "description": "当前输入区域的内容"
                                },
                                {
                                    "name": "$event.editor",
                                    "type": "string",
                                    "description": "wangeditor 实例"
                                }
                            ]
                        },
                        {
                            "name": "input",
                            "title": "输入时",
                            "description": "输入时触发",
                            "params": [
                                {
                                    "name": "value",
                                    "type": "string",
                                    "description": "当前输入区域的内容"
                                }
                            ]
                        }
                    ]
                }
            ],
            "logics": []
        },
        {
            "concept": "FrontendLibrary",
            "name": "h5",
            "type": "h5",
            "viewComponents": [
                {
                    "concept": "ViewComponent",
                    "name": "cw-wang-editor",
                    "title": "富文本",
                    "category": "cw_text_power_library(文本功能依赖库)",
                    "blocks": [
                        {
                            "title": "基本用法",
                            "description": "",
                            "code": "<template>\n<cw-wang-editor scroll></cw-wang-editor>\n</template>"
                        }
                    ],
                    "attrs": [
                        {
                            "name": "value",
                            "title": "内容",
                            "type": "string",
                            "default": "",
                            "sync": true,
                            "model": false,
                            "description": "需要传入的文本内容"
                        },
                        {
                            "name": "readOnly",
                            "default": false,
                            "title": "启用只读模式",
                            "type": "boolean",
                            "description": "启用只读模式"
                        },
                        {
                            "name": "scroll",
                            "default": true,
                            "title": "启用滚动",
                            "type": "boolean",
                            "description": "启用滚动"
                        },
                        {
                            "name": "placeholder",
                            "default": "",
                            "title": "输入占位符",
                            "type": "string",
                            "description": "输入提示"
                        },
                        {
                            "name": "editorStyle",
                            "default": "",
                            "title": "编辑器样式",
                            "type": "string",
                            "description": "编辑器样式CSS"
                        },
                        {
                            "name": "uploadImgServer",
                            "default": "",
                            "title": "上传图片地址",
                            "type": "string",
                            "description": "上传图片地址"
                        }
                    ],
                    "events": [
                        {
                            "name": "change",
                            "title": "内容改变时",
                            "description": "内容修改时触发",
                            "params": [
                                {
                                    "name": "$event.value",
                                    "type": "string",
                                    "description": "当前输入区域的内容"
                                },
                                {
                                    "name": "$event.editor",
                                    "type": "string",
                                    "description": "wangeditor 实例"
                                }
                            ]
                        },
                        {
                            "name": "input",
                            "title": "输入时",
                            "description": "输入时触发",
                            "params": [
                                {
                                    "name": "value",
                                    "type": "string",
                                    "description": "当前输入区域的内容"
                                }
                            ]
                        }
                    ]
                }
            ],
            "logics": []
        }
    ],
    "summary": {
        "name": "cw_text_power_library",
        "title": "文本功能依赖库",
        "version": "0.1.2",
        "description": "",
        "frontends": [
            {
                "type": "pc",
                "viewComponents": [
                    {
                        "name": "cw-wang-editor",
                        "title": "富文本"
                    }
                ],
                "logics": []
            },
            {
                "type": "h5",
                "viewComponents": [
                    {
                        "name": "cw-wang-editor",
                        "title": "富文本"
                    }
                ],
                "logics": []
            }
        ]
    },
    "compilerInfoMap": {
        "js": {
            "prefix": "extension"
        }
    },
    "ideVersion": "3.2"
}