{
    "name": "make_img_and_qr_code",
    "title": "生成二维码图片",
    "description": "",
    "specVersion": "1.0.0",
    "type": "module",
    "subType": "extension",
    "version": "1.1.3",
    "frontends": [
        {
            "concept": "FrontendLibrary",
            "name": "pc",
            "type": "pc",
            "viewComponents": [
                {
                    "concept": "ViewComponent",
                    "name": "cw-mk-img-view",
                    "title": "生成图片",
                    "category": "make_img_and_qr_code(生成二维码图片)",
                    "blocks": [
                        {
                            "title": "基本用法",
                            "description": "",
                            "code": "<template>\n<cw-mk-img-view></cw-mk-img-view>\n</template>"
                        }
                    ],
                    "methods": [
                        {
                            "name": "run",
                            "description": "生成图片",
                            "params": []
                        }
                    ]
                },
                {
                    "concept": "ViewComponent",
                    "name": "cw-qrcode-view",
                    "title": "二维码组件",
                    "category": "make_img_and_qr_code(生成二维码图片)",
                    "blocks": [
                        {
                            "title": "基本用法",
                            "description": "",
                            "code": "<template>\n<cw-qrcode-view></cw-qrcode-view>\n</template>"
                        }
                    ],
                    "attrs": [
                        {
                            "name": "value",
                            "title": "url",
                            "type": "string",
                            "default": "生成二维码的链接地址",
                            "description": "生成二维码的链接地址"
                        },
                        {
                            "name": "src",
                            "title": "二维码中间图片地址",
                            "type": "image",
                            "description": "用于显示二维码中间的图片",
                            "compType": "linkInput"
                        }
                    ],
                    "events": [
                        {
                            "name": "load",
                            "title": "加载事件",
                            "description": "加载事件",
                            "params": []
                        }
                    ]
                }
            ],
            "logics": []
        },
        {
            "concept": "FrontendLibrary",
            "name": "h5",
            "type": "h5",
            "viewComponents": [
                {
                    "concept": "ViewComponent",
                    "name": "cw-mk-img-view",
                    "title": "生成图片",
                    "category": "make_img_and_qr_code(生成二维码图片)",
                    "blocks": [
                        {
                            "title": "基本用法",
                            "description": "",
                            "code": "<template>\n<cw-mk-img-view></cw-mk-img-view>\n</template>"
                        }
                    ],
                    "methods": [
                        {
                            "name": "run",
                            "description": "生成图片",
                            "params": []
                        }
                    ]
                },
                {
                    "concept": "ViewComponent",
                    "name": "cw-qrcode-view",
                    "title": "二维码组件",
                    "category": "make_img_and_qr_code(生成二维码图片)",
                    "blocks": [
                        {
                            "title": "基本用法",
                            "description": "",
                            "code": "<template>\n<cw-qrcode-view></cw-qrcode-view>\n</template>"
                        }
                    ],
                    "attrs": [
                        {
                            "name": "value",
                            "title": "url",
                            "type": "string",
                            "default": "生成二维码的链接地址",
                            "description": "生成二维码的链接地址"
                        },
                        {
                            "name": "src",
                            "title": "二维码中间图片地址",
                            "type": "image",
                            "description": "用于显示二维码中间的图片",
                            "compType": "linkInput"
                        }
                    ],
                    "events": [
                        {
                            "name": "load",
                            "title": "加载事件",
                            "description": "加载事件",
                            "params": []
                        }
                    ]
                }
            ],
            "logics": []
        }
    ],
    "compilerInfoMap": {
        "js": {
            "prefix": "extension"
        }
    },
    "ideVersion": "3.2"
}