{
    "name": "cw_active_room_library",
    "title": "自由移动布局",
    "description": "",
    "specVersion": "1.0.0",
    "type": "module",
    "subType": "extension",
    "version": "0.1.0",
    "frontends": [
        {
            "concept": "FrontendLibrary",
            "name": "pc",
            "type": "pc",
            "viewComponents": [
                {
                    "concept": "ViewComponent",
                    "name": "cw-active-drag-view-cell",
                    "title": "可拖债单元",
                    "category": "cw_active_room_library(自由移动布局)",
                    "blocks": [
                        {
                            "title": "基本用法",
                            "description": "",
                            "code": "<template>\n<cw-active-drag-view-cell></cw-active-drag-view-cell>\n</template>"
                        }
                    ],
                    "attrs": [
                        {
                            "name": "value",
                            "type": "string",
                            "default": "请在这里编写代码",
                            "description": "需要传入的值"
                        }
                    ],
                    "slots": [
                        {
                            "concept": "Slot",
                            "name": "default",
                            "description": "插入默认的元素"
                        }
                    ]
                },
                {
                    "concept": "ViewComponent",
                    "name": "cw-active-drag-view",
                    "title": "活动布局容器",
                    "category": "cw_active_room_library(自由移动布局)",
                    "blocks": [
                        {
                            "title": "基本用法",
                            "description": "",
                            "code": "<template>\n<cw-active-drag-view></cw-active-drag-view>\n</template>"
                        }
                    ],
                    "attrs": [
                        {
                            "name": "value",
                            "type": "Array",
                            "description": "需要传入的值"
                        }
                    ],
                    "events": [
                        {
                            "name": "onSaveData",
                            "title": "保存数据时触发",
                            "description": "保存数据时触发",
                            "params": []
                        }
                    ],
                    "slots": [
                        {
                            "concept": "Slot",
                            "name": "default",
                            "description": "插入默认的元素"
                        }
                    ],
                    "methods": [
                        {
                            "name": "handleChangeActive",
                            "description": "切换为活动视图",
                            "params": []
                        },
                        {
                            "name": "handleSaveData",
                            "description": "保存数据",
                            "params": []
                        }
                    ]
                },
                {
                    "concept": "ViewComponent",
                    "name": "test-view",
                    "title": "测试拖拽",
                    "category": "cw_active_room_library(自由移动布局)",
                    "blocks": [
                        {
                            "title": "基本用法",
                            "description": "",
                            "code": "<template>\n<test-view></test-view>\n</template>"
                        }
                    ],
                    "attrs": [
                        {
                            "name": "value",
                            "type": "string",
                            "default": "请在这里编写代码",
                            "description": "需要传入的值"
                        }
                    ]
                }
            ],
            "logics": []
        }
    ],
    "summary": {
        "name": "cw_active_room_library",
        "title": "自由移动布局",
        "version": "0.1.0",
        "description": "",
        "frontends": [
            {
                "type": "pc",
                "viewComponents": [
                    {
                        "name": "cw-active-drag-view-cell",
                        "title": "可拖债单元"
                    },
                    {
                        "name": "cw-active-drag-view",
                        "title": "活动布局容器"
                    },
                    {
                        "name": "test-view",
                        "title": "测试拖拽"
                    }
                ],
                "logics": []
            }
        ]
    },
    "compilerInfoMap": {
        "js": {
            "prefix": "extension"
        }
    },
    "ideVersion": "3.2"
}