{
    "name": "cw_office_sdk",
    "title": "文档SDK",
    "description": "",
    "specVersion": "1.0.0",
    "type": "module",
    "subType": "extension",
    "version": "0.1.0",
    "frontends": [
        {
            "concept": "FrontendLibrary",
            "name": "pc",
            "type": "pc",
            "viewComponents": [
                {
                    "concept": "ViewComponent",
                    "name": "cw-doc-preview",
                    "title": "doc预览",
                    "category": "cw_office_sdk(文档SDK)",
                    "blocks": [
                        {
                            "title": "基本用法",
                            "description": "",
                            "code": "<template>\n<cw-doc-preview></cw-doc-preview>\n</template>"
                        }
                    ],
                    "attrs": [
                        {
                            "name": "value",
                            "title": "链接地址",
                            "type": "string",
                            "default": "请在这里编写代码",
                            "description": "需要传入的值"
                        }
                    ]
                },
                {
                    "concept": "ViewComponent",
                    "name": "cw-pdf-preview",
                    "title": "pdf预览",
                    "category": "cw_office_sdk(文档SDK)",
                    "blocks": [
                        {
                            "title": "基本用法",
                            "description": "",
                            "code": "<template>\n<cw-pdf-preview value=\"http://storage.xuetangx.com/public_assets/xuetangx/PDF/PlayerAPI_v1.0.6.pdf\"></cw-pdf-preview>\n</template>"
                        }
                    ],
                    "attrs": [
                        {
                            "name": "value",
                            "title": "链接地址",
                            "type": "string",
                            "default": "请在这里编写代码",
                            "description": "需要传入的值"
                        }
                    ]
                }
            ],
            "logics": []
        },
        {
            "concept": "FrontendLibrary",
            "name": "h5",
            "type": "h5",
            "viewComponents": [
                {
                    "concept": "ViewComponent",
                    "name": "cw-doc-preview",
                    "title": "doc预览",
                    "category": "cw_office_sdk(文档SDK)",
                    "blocks": [
                        {
                            "title": "基本用法",
                            "description": "",
                            "code": "<template>\n<cw-doc-preview></cw-doc-preview>\n</template>"
                        }
                    ],
                    "attrs": [
                        {
                            "name": "value",
                            "title": "链接地址",
                            "type": "string",
                            "default": "请在这里编写代码",
                            "description": "需要传入的值"
                        }
                    ]
                },
                {
                    "concept": "ViewComponent",
                    "name": "cw-pdf-preview",
                    "title": "pdf预览",
                    "category": "cw_office_sdk(文档SDK)",
                    "blocks": [
                        {
                            "title": "基本用法",
                            "description": "",
                            "code": "<template>\n<cw-pdf-preview value=\"http://storage.xuetangx.com/public_assets/xuetangx/PDF/PlayerAPI_v1.0.6.pdf\"></cw-pdf-preview>\n</template>"
                        }
                    ],
                    "attrs": [
                        {
                            "name": "value",
                            "title": "链接地址",
                            "type": "string",
                            "default": "请在这里编写代码",
                            "description": "需要传入的值"
                        }
                    ]
                }
            ],
            "logics": []
        }
    ],
    "summary": {
        "name": "cw_office_sdk",
        "title": "文档SDK",
        "version": "0.1.0",
        "description": "",
        "frontends": [
            {
                "type": "pc",
                "viewComponents": [
                    {
                        "name": "cw-doc-preview",
                        "title": "doc预览"
                    },
                    {
                        "name": "cw-pdf-preview",
                        "title": "pdf预览"
                    }
                ],
                "logics": []
            },
            {
                "type": "h5",
                "viewComponents": [
                    {
                        "name": "cw-doc-preview",
                        "title": "doc预览"
                    },
                    {
                        "name": "cw-pdf-preview",
                        "title": "pdf预览"
                    }
                ],
                "logics": []
            }
        ]
    },
    "compilerInfoMap": {
        "js": {
            "prefix": "extension"
        }
    },
    "ideVersion": "3.2"
}