{
    "name": "cw_ant_design_vue_library",
    "title": "antd_vue_library",
    "description": "",
    "specVersion": "1.0.0",
    "type": "module",
    "subType": "extension",
    "version": "1.0.0",
    "frontends": [
        {
            "concept": "FrontendLibrary",
            "name": "pc",
            "type": "pc",
            "viewComponents": [
                {
                    "concept": "ViewComponent",
                    "name": "cw-antd-calendar",
                    "title": "日历",
                    "category": "cw_ant_design_vue_library(antd_vue_library)",
                    "blocks": [
                        {
                            "title": "基本用法",
                            "description": "",
                            "code": "<template>\n<cw-antd-calendar></cw-antd-calendar>\n</template>"
                        }
                    ],
                    "attrs": [
                        {
                            "name": "data-source",
                            "title": "数据源",
                            "type": "Array<Item> | Function | object | DataSource",
                            "description": "展示数据的输入源，可设置为集合类型变量（List<T>）或输出参数为集合类型的逻辑。",
                            "group": "数据属性",
                            "brifeDoc": "",
                            "docDescription": "支持动态绑定集合类型变量（List<T>）或输出参数为集合类型的逻辑",
                            "tooltipLink": ""
                        },
                        {
                            "name": "data-schema",
                            "title": "数据类型",
                            "type": "schema",
                            "description": "数据源返回的数据结构的类型，自动识别类型进行展示说明",
                            "compType": "dataTypeSelect",
                            "group": "数据属性",
                            "brifeDoc": "",
                            "docDescription": "该属性为只读状态，当数据源动态绑定集合List<T>后，会自动识别T的类型并进行展示。",
                            "tooltipLink": ""
                        },
                        {
                            "name": "value",
                            "title": "选中值",
                            "type": "string",
                            "sync": true,
                            "model": true,
                            "description": "当前选中的值",
                            "group": "数据属性",
                            "brifeDoc": "",
                            "docDescription": "当前选择的值",
                            "tooltipLink": ""
                        },
                        {
                            "name": "value-field",
                            "title": "值字段",
                            "type": "string",
                            "description": "集合的元素类型中，用于标识选中值的属性",
                            "display": "property-select",
                            "group": "数据属性",
                            "brifeDoc": "",
                            "docDescription": "集合的元素类型中，用于标识选中值的属性，支持自定义变更",
                            "tooltipLink": ""
                        }
                    ],
                    "themes": [
                        {
                            "name": "--calendar-primary-background",
                            "title": "主题色",
                            "default": "#1890ff",
                            "type": "input",
                            "description": "主题色"
                        },
                        {
                            "name": "--calendar-value-border-radius",
                            "title": "日历圆角",
                            "default": "2px",
                            "type": "input",
                            "description": "日历圆角"
                        }
                    ],
                    "events": [
                        {
                            "name": "onPanelChange",
                            "description": "日期面板变化回调",
                            "title": "日期面板变化回调",
                            "params": [
                                {
                                    "name": "value",
                                    "type": "string",
                                    "description": "改变的值"
                                }
                            ]
                        },
                        {
                            "name": "onSelect",
                            "description": "点击选择日期回调",
                            "title": "点击选择日期回调",
                            "params": [
                                {
                                    "name": "value",
                                    "type": "string",
                                    "description": "改变的值"
                                }
                            ]
                        }
                    ],
                    "methods": [
                        {
                            "name": "reload",
                            "description": "清除缓存，重新加载",
                            "params": []
                        }
                    ]
                },
                {
                    "concept": "ViewComponent",
                    "name": "cw-antd-upload",
                    "title": "文件上传",
                    "category": "cw_ant_design_vue_library(antd_vue_library)",
                    "blocks": [
                        {
                            "title": "基本用法",
                            "description": "",
                            "code": "<template>\n<cw-antd-upload :info=\"true\"></cw-antd-upload>\n</template>"
                        }
                    ],
                    "attrs": [
                        {
                            "name": "value",
                            "title": "选中值",
                            "type": "string",
                            "sync": true,
                            "model": true,
                            "description": "当前选中的值",
                            "group": "数据属性",
                            "brifeDoc": "",
                            "docDescription": "当前选择的值",
                            "tooltipLink": ""
                        },
                        {
                            "name": "outputSize",
                            "title": "输出图片质量",
                            "type": "string",
                            "description": "输出图片质量0.1-1 之间"
                        },
                        {
                            "name": "autoCropWidth",
                            "title": "默认生成截图框宽度",
                            "type": "string",
                            "description": "默认生成截图框高度"
                        },
                        {
                            "name": "autoCropHeight",
                            "title": "默认生成截图框高度",
                            "type": "string",
                            "description": "默认生成截图框高度"
                        },
                        {
                            "name": "canMoveBox",
                            "title": "截图框能否移动",
                            "type": "boolean",
                            "description": "截图框能否移动,默认可拖动"
                        },
                        {
                            "name": "fixedBox",
                            "title": "固定截图框大小",
                            "type": "boolean",
                            "description": "固定截图框大小\t,默认flase不固定"
                        },
                        {
                            "name": "uploadUrl",
                            "title": "上传地址",
                            "type": "string",
                            "description": "上传地址,默认平台地址可自定义"
                        },
                        {
                            "name": "zoom",
                            "title": "图片缩放比例",
                            "type": "string",
                            "description": "图片缩放比例,默认1。"
                        },
                        {
                            "name": "info",
                            "title": "截图信息",
                            "default": true,
                            "type": "boolean",
                            "description": "截图信息,默认true展示"
                        },
                        {
                            "name": "uploadType",
                            "title": "上传方式",
                            "type": "string",
                            "options": [
                                {
                                    "value": null,
                                    "title": "默认"
                                },
                                {
                                    "value": "camera",
                                    "title": "相机"
                                }
                            ],
                            "description": "上传方式,默认为相机相册"
                        }
                    ],
                    "events": [
                        {
                            "name": "onSuccess",
                            "description": "上传成功时",
                            "title": "上传成功时",
                            "params": [
                                {
                                    "name": "value",
                                    "type": "string",
                                    "description": "改变的值"
                                }
                            ]
                        },
                        {
                            "name": "onError",
                            "description": "上传失败时",
                            "title": "上传失败时",
                            "params": [
                                {
                                    "name": "value",
                                    "type": "string",
                                    "description": "错误原因"
                                }
                            ]
                        }
                    ]
                },
                {
                    "concept": "ViewComponent",
                    "name": "cw-auto-complete",
                    "title": "自动完成",
                    "category": "cw_ant_design_vue_library(antd_vue_library)",
                    "blocks": [
                        {
                            "title": "基本用法",
                            "description": "",
                            "code": "<template>\n<cw-auto-complete></cw-auto-complete>\n</template>"
                        }
                    ],
                    "attrs": [
                        {
                            "name": "data-source",
                            "title": "数据源",
                            "type": "Array<Item> | Function | object | DataSource",
                            "description": "展示数据的输入源，可设置为集合类型变量（List<T>）或输出参数为集合类型的逻辑。",
                            "group": "数据属性",
                            "brifeDoc": "",
                            "docDescription": "支持动态绑定集合类型变量（List<T>）或输出参数为集合类型的逻辑",
                            "tooltipLink": ""
                        },
                        {
                            "name": "data-schema",
                            "title": "数据类型",
                            "type": "schema",
                            "description": "数据源返回的数据结构的类型，自动识别类型进行展示说明",
                            "compType": "dataTypeSelect",
                            "group": "数据属性",
                            "brifeDoc": "",
                            "docDescription": "该属性为只读状态，当数据源动态绑定集合List<T>后，会自动识别T的类型并进行展示。",
                            "tooltipLink": ""
                        },
                        {
                            "name": "value",
                            "title": "选中值",
                            "type": "string",
                            "sync": true,
                            "model": true,
                            "description": "当前选中的值",
                            "group": "数据属性",
                            "brifeDoc": "",
                            "docDescription": "当前选择的值",
                            "tooltipLink": ""
                        },
                        {
                            "name": "value-field",
                            "title": "值字段",
                            "type": "string",
                            "description": "集合的元素类型中，用于标识选中值的属性",
                            "display": "property-select",
                            "group": "数据属性",
                            "brifeDoc": "",
                            "docDescription": "集合的元素类型中，用于标识选中值的属性，支持自定义变更",
                            "tooltipLink": ""
                        },
                        {
                            "name": "placeholder",
                            "title": "输入框提示",
                            "type": "string"
                        }
                    ],
                    "events": [
                        {
                            "name": "onChange",
                            "description": "值改变事件",
                            "title": "值改变事件",
                            "params": [
                                {
                                    "name": "value",
                                    "type": "string",
                                    "description": "改变的值"
                                }
                            ]
                        }
                    ]
                }
            ],
            "logics": []
        },
        {
            "concept": "FrontendLibrary",
            "name": "h5",
            "type": "h5",
            "viewComponents": [
                {
                    "concept": "ViewComponent",
                    "name": "cw-antd-calendar",
                    "title": "日历",
                    "category": "cw_ant_design_vue_library(antd_vue_library)",
                    "blocks": [
                        {
                            "title": "基本用法",
                            "description": "",
                            "code": "<template>\n<cw-antd-calendar></cw-antd-calendar>\n</template>"
                        }
                    ],
                    "attrs": [
                        {
                            "name": "data-source",
                            "title": "数据源",
                            "type": "Array<Item> | Function | object | DataSource",
                            "description": "展示数据的输入源，可设置为集合类型变量（List<T>）或输出参数为集合类型的逻辑。",
                            "group": "数据属性",
                            "brifeDoc": "",
                            "docDescription": "支持动态绑定集合类型变量（List<T>）或输出参数为集合类型的逻辑",
                            "tooltipLink": ""
                        },
                        {
                            "name": "data-schema",
                            "title": "数据类型",
                            "type": "schema",
                            "description": "数据源返回的数据结构的类型，自动识别类型进行展示说明",
                            "compType": "dataTypeSelect",
                            "group": "数据属性",
                            "brifeDoc": "",
                            "docDescription": "该属性为只读状态，当数据源动态绑定集合List<T>后，会自动识别T的类型并进行展示。",
                            "tooltipLink": ""
                        },
                        {
                            "name": "value",
                            "title": "选中值",
                            "type": "string",
                            "sync": true,
                            "model": true,
                            "description": "当前选中的值",
                            "group": "数据属性",
                            "brifeDoc": "",
                            "docDescription": "当前选择的值",
                            "tooltipLink": ""
                        },
                        {
                            "name": "value-field",
                            "title": "值字段",
                            "type": "string",
                            "description": "集合的元素类型中，用于标识选中值的属性",
                            "display": "property-select",
                            "group": "数据属性",
                            "brifeDoc": "",
                            "docDescription": "集合的元素类型中，用于标识选中值的属性，支持自定义变更",
                            "tooltipLink": ""
                        }
                    ],
                    "themes": [
                        {
                            "name": "--calendar-primary-background",
                            "title": "主题色",
                            "default": "#1890ff",
                            "type": "input",
                            "description": "主题色"
                        },
                        {
                            "name": "--calendar-value-border-radius",
                            "title": "日历圆角",
                            "default": "2px",
                            "type": "input",
                            "description": "日历圆角"
                        }
                    ],
                    "events": [
                        {
                            "name": "onPanelChange",
                            "description": "日期面板变化回调",
                            "title": "日期面板变化回调",
                            "params": [
                                {
                                    "name": "value",
                                    "type": "string",
                                    "description": "改变的值"
                                }
                            ]
                        },
                        {
                            "name": "onSelect",
                            "description": "点击选择日期回调",
                            "title": "点击选择日期回调",
                            "params": [
                                {
                                    "name": "value",
                                    "type": "string",
                                    "description": "改变的值"
                                }
                            ]
                        }
                    ],
                    "methods": [
                        {
                            "name": "reload",
                            "description": "清除缓存，重新加载",
                            "params": []
                        }
                    ]
                },
                {
                    "concept": "ViewComponent",
                    "name": "cw-antd-upload",
                    "title": "文件上传",
                    "category": "cw_ant_design_vue_library(antd_vue_library)",
                    "blocks": [
                        {
                            "title": "基本用法",
                            "description": "",
                            "code": "<template>\n<cw-antd-upload :info=\"true\"></cw-antd-upload>\n</template>"
                        }
                    ],
                    "attrs": [
                        {
                            "name": "value",
                            "title": "选中值",
                            "type": "string",
                            "sync": true,
                            "model": true,
                            "description": "当前选中的值",
                            "group": "数据属性",
                            "brifeDoc": "",
                            "docDescription": "当前选择的值",
                            "tooltipLink": ""
                        },
                        {
                            "name": "outputSize",
                            "title": "输出图片质量",
                            "type": "string",
                            "description": "输出图片质量0.1-1 之间"
                        },
                        {
                            "name": "autoCropWidth",
                            "title": "默认生成截图框宽度",
                            "type": "string",
                            "description": "默认生成截图框高度"
                        },
                        {
                            "name": "autoCropHeight",
                            "title": "默认生成截图框高度",
                            "type": "string",
                            "description": "默认生成截图框高度"
                        },
                        {
                            "name": "canMoveBox",
                            "title": "截图框能否移动",
                            "type": "boolean",
                            "description": "截图框能否移动,默认可拖动"
                        },
                        {
                            "name": "fixedBox",
                            "title": "固定截图框大小",
                            "type": "boolean",
                            "description": "固定截图框大小\t,默认flase不固定"
                        },
                        {
                            "name": "uploadUrl",
                            "title": "上传地址",
                            "type": "string",
                            "description": "上传地址,默认平台地址可自定义"
                        },
                        {
                            "name": "zoom",
                            "title": "图片缩放比例",
                            "type": "string",
                            "description": "图片缩放比例,默认1。"
                        },
                        {
                            "name": "info",
                            "title": "截图信息",
                            "default": true,
                            "type": "boolean",
                            "description": "截图信息,默认true展示"
                        },
                        {
                            "name": "uploadType",
                            "title": "上传方式",
                            "type": "string",
                            "options": [
                                {
                                    "value": null,
                                    "title": "默认"
                                },
                                {
                                    "value": "camera",
                                    "title": "相机"
                                }
                            ],
                            "description": "上传方式,默认为相机相册"
                        }
                    ],
                    "events": [
                        {
                            "name": "onSuccess",
                            "description": "上传成功时",
                            "title": "上传成功时",
                            "params": [
                                {
                                    "name": "value",
                                    "type": "string",
                                    "description": "改变的值"
                                }
                            ]
                        },
                        {
                            "name": "onError",
                            "description": "上传失败时",
                            "title": "上传失败时",
                            "params": [
                                {
                                    "name": "value",
                                    "type": "string",
                                    "description": "错误原因"
                                }
                            ]
                        }
                    ]
                }
            ],
            "logics": []
        }
    ],
    "summary": {
        "name": "cw_ant_design_vue_library",
        "title": "antd_vue_library",
        "version": "1.0.0",
        "description": "",
        "frontends": [
            {
                "type": "pc",
                "viewComponents": [
                    {
                        "name": "cw-antd-calendar",
                        "title": "日历"
                    },
                    {
                        "name": "cw-antd-upload",
                        "title": "文件上传"
                    },
                    {
                        "name": "cw-auto-complete",
                        "title": "自动完成"
                    }
                ],
                "logics": []
            },
            {
                "type": "h5",
                "viewComponents": [
                    {
                        "name": "cw-antd-calendar",
                        "title": "日历"
                    },
                    {
                        "name": "cw-antd-upload",
                        "title": "文件上传"
                    }
                ],
                "logics": []
            }
        ]
    },
    "compilerInfoMap": {
        "js": {
            "prefix": "extension"
        }
    },
    "ideVersion": "3.2"
}