{
    "name": "cw_oa_sdk",
    "title": "OASDK",
    "description": "",
    "specVersion": "1.0.0",
    "type": "module",
    "subType": "extension",
    "version": "0.1.1",
    "frontends": [
        {
            "concept": "FrontendLibrary",
            "name": "pc",
            "type": "pc",
            "viewComponents": [],
            "logics": [
                {
                    "concept": "Logic",
                    "name": "getToken",
                    "description": "获取token信息",
                    "category": "cw_oa_sdk",
                    "returns": [
                        {
                            "name": "result",
                            "concept": "Return",
                            "typeAnnotation": {
                                "concept": "TypeAnnotation",
                                "typeKind": "primitive",
                                "typeName": "String",
                                "typeNamespace": "nasl.core"
                            }
                        }
                    ]
                },
                {
                    "concept": "Logic",
                    "name": "goBack",
                    "description": "调用GO_BACK",
                    "category": "cw_oa_sdk"
                },
                {
                    "concept": "Logic",
                    "name": "goBackHideFlow",
                    "description": "调用GO_BACK不隐藏卡片",
                    "category": "cw_oa_sdk"
                },
                {
                    "concept": "Logic",
                    "name": "init",
                    "description": "初始化",
                    "category": "cw_oa_sdk"
                }
            ]
        }
    ],
    "summary": {
        "name": "cw_oa_sdk",
        "title": "OASDK",
        "version": "0.1.1",
        "description": "",
        "frontends": [
            {
                "type": "pc",
                "viewComponents": [],
                "logics": [
                    {
                        "name": "getToken",
                        "description": "获取token信息"
                    },
                    {
                        "name": "goBack",
                        "description": "调用GO_BACK"
                    },
                    {
                        "name": "goBackHideFlow",
                        "description": "调用GO_BACK不隐藏卡片"
                    },
                    {
                        "name": "init",
                        "description": "初始化"
                    }
                ]
            }
        ]
    },
    "compilerInfoMap": {
        "js": {
            "prefix": "extension"
        }
    },
    "ideVersion": "3.2"
}