{
    "name": "lottery_draw_library",
    "title": "抽奖依赖库",
    "description": "",
    "specVersion": "1.0.0",
    "type": "module",
    "subType": "extension",
    "version": "0.1.3",
    "frontends": [
        {
            "concept": "FrontendLibrary",
            "name": "pc",
            "type": "pc",
            "viewComponents": [
                {
                    "concept": "ViewComponent",
                    "name": "cw-squared-draw-view",
                    "title": "九宫格抽奖",
                    "category": "lottery_draw_library(抽奖依赖库)",
                    "blocks": [
                        {
                            "title": "基本用法",
                            "description": "",
                            "code": "<template>\n<cw-squared-draw-view\n    block1_name=\"奖品1\"\n    block2_name=\"奖品2\"\n    block3_name=\"奖品3\"\n    block4_name=\"奖品4\"\n    block5_name=\"奖品5\"\n    block6_name=\"奖品6\"\n    block7_name=\"奖品7\"\n    block8_name=\"奖品8\"\n>\n</cw-squared-draw-view>\n</template>"
                        }
                    ],
                    "attrs": [
                        {
                            "name": "width",
                            "type": "string",
                            "title": "宽度",
                            "default": "375px",
                            "description": "设置九宫格宽度",
                            "group": "基础配置信息"
                        },
                        {
                            "name": "height",
                            "type": "string",
                            "title": "高度",
                            "default": "375px",
                            "description": "设置九宫格高度",
                            "group": "基础配置信息"
                        },
                        {
                            "name": "return_prize",
                            "title": "后端返还的奖品名称",
                            "type": "string",
                            "default": "",
                            "description": "后端返还的奖品信息，设置后各自的抽奖概率无效",
                            "group": "基础配置信息"
                        },
                        {
                            "name": "background_color",
                            "title": "背景颜色",
                            "type": "string",
                            "default": "",
                            "description": "设置背景颜色（例：#FFFFFF）",
                            "group": "基础配置信息"
                        },
                        {
                            "name": "start_img",
                            "title": "抽奖开始按钮图片",
                            "type": "image",
                            "compType": "linkInput",
                            "default": "",
                            "description": "设置抽奖开始按钮图片",
                            "group": "基础配置信息"
                        },
                        {
                            "name": "font_color",
                            "title": "奖品字体颜色",
                            "type": "string",
                            "default": "",
                            "description": "设置所有奖品文字的图片颜色",
                            "group": "基础配置信息"
                        },
                        {
                            "name": "font_top_padding",
                            "title": "奖品文字距离顶部的距离（px）",
                            "type": "string",
                            "default": "60px",
                            "description": "设置奖品文字距离顶部的距离（默认：60px）",
                            "group": "基础配置信息"
                        },
                        {
                            "name": "font_size",
                            "title": "奖品文字字体大小（px）",
                            "type": "string",
                            "default": "22px",
                            "description": "设置奖品文字距离顶部的距离（默认：22px）",
                            "group": "基础配置信息"
                        },
                        {
                            "name": "block1_img",
                            "title": "格子1奖品图片",
                            "type": "image",
                            "compType": "linkInput",
                            "default": "",
                            "description": "设置格子1奖品图片",
                            "group": "格子1配置信息"
                        },
                        {
                            "name": "block1_name",
                            "title": "格子1名称",
                            "type": "string",
                            "default": "奖品1",
                            "description": "设置格子1的奖品名字",
                            "group": "格子1配置信息"
                        },
                        {
                            "name": "block1_chance",
                            "title": "格子1中奖概率",
                            "type": "number",
                            "default": "10",
                            "description": "设置奖品1的中奖概率",
                            "group": "格子1配置信息"
                        },
                        {
                            "name": "block2_img",
                            "title": "格子2奖品图片",
                            "type": "image",
                            "compType": "linkInput",
                            "default": "",
                            "description": "设置格子2奖品图片",
                            "group": "格子2配置信息"
                        },
                        {
                            "name": "block2_name",
                            "title": "格子2名称",
                            "type": "string",
                            "default": "奖品2",
                            "description": "设置格子2的奖品名字",
                            "group": "格子2配置信息"
                        },
                        {
                            "name": "block2_chance",
                            "title": "格子2中奖概率",
                            "type": "number",
                            "default": "10",
                            "description": "设置奖品2的中奖概率",
                            "group": "格子2配置信息"
                        },
                        {
                            "name": "block3_img",
                            "title": "格子3奖品图片",
                            "type": "image",
                            "compType": "linkInput",
                            "default": "",
                            "description": "设置格子3奖品图片",
                            "group": "格子3配置信息"
                        },
                        {
                            "name": "block3_name",
                            "title": "格子3名称",
                            "type": "string",
                            "default": "奖品3",
                            "description": "设置格子3的奖品名字",
                            "group": "格子3配置信息"
                        },
                        {
                            "name": "block3_chance",
                            "title": "格子3中奖概率",
                            "type": "number",
                            "default": "10",
                            "description": "设置奖品3的中奖概率",
                            "group": "格子3配置信息"
                        },
                        {
                            "name": "block4_img",
                            "title": "格子4奖品图片",
                            "type": "image",
                            "compType": "linkInput",
                            "default": "",
                            "description": "设置格子4奖品图片",
                            "group": "格子4配置信息"
                        },
                        {
                            "name": "block4_name",
                            "title": "格子4名称",
                            "type": "string",
                            "default": "奖品4",
                            "description": "设置格子4的奖品名字",
                            "group": "格子4配置信息"
                        },
                        {
                            "name": "block4_chance",
                            "title": "格子4中奖概率",
                            "type": "number",
                            "default": "10",
                            "description": "设置奖品4的概率",
                            "group": "格子4配置信息"
                        },
                        {
                            "name": "block5_img",
                            "title": "格子5奖品图片",
                            "type": "image",
                            "compType": "linkInput",
                            "default": "",
                            "description": "设置格子5奖品图片",
                            "group": "格子5配置信息"
                        },
                        {
                            "name": "block5_name",
                            "title": "格子5名称",
                            "type": "string",
                            "default": "奖品5",
                            "description": "设置格子5的奖品名字",
                            "group": "格子5配置信息"
                        },
                        {
                            "name": "block5_chance",
                            "title": "格子5中奖概率",
                            "type": "number",
                            "default": "10",
                            "description": "设置奖品5的中奖概率",
                            "group": "格子5配置信息"
                        },
                        {
                            "name": "block6_img",
                            "title": "格子6奖品图片",
                            "type": "image",
                            "compType": "linkInput",
                            "default": "",
                            "description": "设置格子6奖品图片",
                            "group": "格子6配置信息"
                        },
                        {
                            "name": "block6_name",
                            "title": "格子6名称",
                            "type": "string",
                            "default": "奖品6",
                            "description": "设置格子6的奖品名字",
                            "group": "格子6配置信息"
                        },
                        {
                            "name": "block6_chance",
                            "title": "格子6中奖概率",
                            "type": "number",
                            "default": "10",
                            "description": "设置奖品6的中奖概率",
                            "group": "格子6配置信息"
                        },
                        {
                            "name": "block7_img",
                            "title": "格子7奖品图片",
                            "type": "image",
                            "compType": "linkInput",
                            "default": "",
                            "description": "设置格子7奖品图片",
                            "group": "格子7配置信息"
                        },
                        {
                            "name": "block7_name",
                            "title": "格子7名称",
                            "type": "string",
                            "default": "奖品7",
                            "description": "设置格子7的奖品名字",
                            "group": "格子7配置信息"
                        },
                        {
                            "name": "block7_chance",
                            "title": "格子7中奖概率",
                            "type": "number",
                            "default": "10",
                            "description": "设置奖品7的中奖概率",
                            "group": "格子7配置信息"
                        },
                        {
                            "name": "block8_img",
                            "title": "格子8奖品图片",
                            "type": "image",
                            "compType": "linkInput",
                            "default": "",
                            "description": "设置格子8奖品图片",
                            "group": "格子8配置信息"
                        },
                        {
                            "name": "block8_name",
                            "title": "格子8名称",
                            "type": "string",
                            "default": "奖品8",
                            "description": "设置格子8的奖品名字",
                            "group": "格子8配置信息"
                        },
                        {
                            "name": "block8_chance",
                            "title": "格子8概率",
                            "type": "number",
                            "default": "10",
                            "description": "设置奖品8的中奖概率",
                            "group": "格子8配置信息"
                        }
                    ],
                    "events": [
                        {
                            "name": "start",
                            "title": "抽奖开始时",
                            "description": "抽奖时开始时触发"
                        },
                        {
                            "name": "end",
                            "title": "抽奖结束时",
                            "description": "抽奖时结束时触发"
                        }
                    ]
                }
            ],
            "logics": []
        },
        {
            "concept": "FrontendLibrary",
            "name": "h5",
            "type": "h5",
            "viewComponents": [
                {
                    "concept": "ViewComponent",
                    "name": "cw-squared-draw-view",
                    "title": "九宫格抽奖",
                    "category": "lottery_draw_library(抽奖依赖库)",
                    "blocks": [
                        {
                            "title": "基本用法",
                            "description": "",
                            "code": "<template>\n<cw-squared-draw-view\n    block1_name=\"奖品1\"\n    block2_name=\"奖品2\"\n    block3_name=\"奖品3\"\n    block4_name=\"奖品4\"\n    block5_name=\"奖品5\"\n    block6_name=\"奖品6\"\n    block7_name=\"奖品7\"\n    block8_name=\"奖品8\"\n>\n</cw-squared-draw-view>\n</template>"
                        }
                    ],
                    "attrs": [
                        {
                            "name": "width",
                            "type": "string",
                            "title": "宽度",
                            "default": "375px",
                            "description": "设置九宫格宽度",
                            "group": "基础配置信息"
                        },
                        {
                            "name": "height",
                            "type": "string",
                            "title": "高度",
                            "default": "375px",
                            "description": "设置九宫格高度",
                            "group": "基础配置信息"
                        },
                        {
                            "name": "return_prize",
                            "title": "后端返还的奖品名称",
                            "type": "string",
                            "default": "",
                            "description": "后端返还的奖品信息，设置后各自的抽奖概率无效",
                            "group": "基础配置信息"
                        },
                        {
                            "name": "background_color",
                            "title": "背景颜色",
                            "type": "string",
                            "default": "",
                            "description": "设置背景颜色（例：#FFFFFF）",
                            "group": "基础配置信息"
                        },
                        {
                            "name": "start_img",
                            "title": "抽奖开始按钮图片",
                            "type": "image",
                            "compType": "linkInput",
                            "default": "",
                            "description": "设置抽奖开始按钮图片",
                            "group": "基础配置信息"
                        },
                        {
                            "name": "font_color",
                            "title": "奖品字体颜色",
                            "type": "string",
                            "default": "",
                            "description": "设置所有奖品文字的图片颜色",
                            "group": "基础配置信息"
                        },
                        {
                            "name": "font_top_padding",
                            "title": "奖品文字距离顶部的距离（px）",
                            "type": "string",
                            "default": "60px",
                            "description": "设置奖品文字距离顶部的距离（默认：60px）",
                            "group": "基础配置信息"
                        },
                        {
                            "name": "font_size",
                            "title": "奖品文字字体大小（px）",
                            "type": "string",
                            "default": "22px",
                            "description": "设置奖品文字距离顶部的距离（默认：22px）",
                            "group": "基础配置信息"
                        },
                        {
                            "name": "block1_img",
                            "title": "格子1奖品图片",
                            "type": "image",
                            "compType": "linkInput",
                            "default": "",
                            "description": "设置格子1奖品图片",
                            "group": "格子1配置信息"
                        },
                        {
                            "name": "block1_name",
                            "title": "格子1名称",
                            "type": "string",
                            "default": "奖品1",
                            "description": "设置格子1的奖品名字",
                            "group": "格子1配置信息"
                        },
                        {
                            "name": "block1_chance",
                            "title": "格子1中奖概率",
                            "type": "number",
                            "default": "10",
                            "description": "设置奖品1的中奖概率",
                            "group": "格子1配置信息"
                        },
                        {
                            "name": "block2_img",
                            "title": "格子2奖品图片",
                            "type": "image",
                            "compType": "linkInput",
                            "default": "",
                            "description": "设置格子2奖品图片",
                            "group": "格子2配置信息"
                        },
                        {
                            "name": "block2_name",
                            "title": "格子2名称",
                            "type": "string",
                            "default": "奖品2",
                            "description": "设置格子2的奖品名字",
                            "group": "格子2配置信息"
                        },
                        {
                            "name": "block2_chance",
                            "title": "格子2中奖概率",
                            "type": "number",
                            "default": "10",
                            "description": "设置奖品2的中奖概率",
                            "group": "格子2配置信息"
                        },
                        {
                            "name": "block3_img",
                            "title": "格子3奖品图片",
                            "type": "image",
                            "compType": "linkInput",
                            "default": "",
                            "description": "设置格子3奖品图片",
                            "group": "格子3配置信息"
                        },
                        {
                            "name": "block3_name",
                            "title": "格子3名称",
                            "type": "string",
                            "default": "奖品3",
                            "description": "设置格子3的奖品名字",
                            "group": "格子3配置信息"
                        },
                        {
                            "name": "block3_chance",
                            "title": "格子3中奖概率",
                            "type": "number",
                            "default": "10",
                            "description": "设置奖品3的中奖概率",
                            "group": "格子3配置信息"
                        },
                        {
                            "name": "block4_img",
                            "title": "格子4奖品图片",
                            "type": "image",
                            "compType": "linkInput",
                            "default": "",
                            "description": "设置格子4奖品图片",
                            "group": "格子4配置信息"
                        },
                        {
                            "name": "block4_name",
                            "title": "格子4名称",
                            "type": "string",
                            "default": "奖品4",
                            "description": "设置格子4的奖品名字",
                            "group": "格子4配置信息"
                        },
                        {
                            "name": "block4_chance",
                            "title": "格子4中奖概率",
                            "type": "number",
                            "default": "10",
                            "description": "设置奖品4的概率",
                            "group": "格子4配置信息"
                        },
                        {
                            "name": "block5_img",
                            "title": "格子5奖品图片",
                            "type": "image",
                            "compType": "linkInput",
                            "default": "",
                            "description": "设置格子5奖品图片",
                            "group": "格子5配置信息"
                        },
                        {
                            "name": "block5_name",
                            "title": "格子5名称",
                            "type": "string",
                            "default": "奖品5",
                            "description": "设置格子5的奖品名字",
                            "group": "格子5配置信息"
                        },
                        {
                            "name": "block5_chance",
                            "title": "格子5中奖概率",
                            "type": "number",
                            "default": "10",
                            "description": "设置奖品5的中奖概率",
                            "group": "格子5配置信息"
                        },
                        {
                            "name": "block6_img",
                            "title": "格子6奖品图片",
                            "type": "image",
                            "compType": "linkInput",
                            "default": "",
                            "description": "设置格子6奖品图片",
                            "group": "格子6配置信息"
                        },
                        {
                            "name": "block6_name",
                            "title": "格子6名称",
                            "type": "string",
                            "default": "奖品6",
                            "description": "设置格子6的奖品名字",
                            "group": "格子6配置信息"
                        },
                        {
                            "name": "block6_chance",
                            "title": "格子6中奖概率",
                            "type": "number",
                            "default": "10",
                            "description": "设置奖品6的中奖概率",
                            "group": "格子6配置信息"
                        },
                        {
                            "name": "block7_img",
                            "title": "格子7奖品图片",
                            "type": "image",
                            "compType": "linkInput",
                            "default": "",
                            "description": "设置格子7奖品图片",
                            "group": "格子7配置信息"
                        },
                        {
                            "name": "block7_name",
                            "title": "格子7名称",
                            "type": "string",
                            "default": "奖品7",
                            "description": "设置格子7的奖品名字",
                            "group": "格子7配置信息"
                        },
                        {
                            "name": "block7_chance",
                            "title": "格子7中奖概率",
                            "type": "number",
                            "default": "10",
                            "description": "设置奖品7的中奖概率",
                            "group": "格子7配置信息"
                        },
                        {
                            "name": "block8_img",
                            "title": "格子8奖品图片",
                            "type": "image",
                            "compType": "linkInput",
                            "default": "",
                            "description": "设置格子8奖品图片",
                            "group": "格子8配置信息"
                        },
                        {
                            "name": "block8_name",
                            "title": "格子8名称",
                            "type": "string",
                            "default": "奖品8",
                            "description": "设置格子8的奖品名字",
                            "group": "格子8配置信息"
                        },
                        {
                            "name": "block8_chance",
                            "title": "格子8概率",
                            "type": "number",
                            "default": "10",
                            "description": "设置奖品8的中奖概率",
                            "group": "格子8配置信息"
                        }
                    ],
                    "events": [
                        {
                            "name": "start",
                            "title": "抽奖开始时",
                            "description": "抽奖时开始时触发"
                        },
                        {
                            "name": "end",
                            "title": "抽奖结束时",
                            "description": "抽奖时结束时触发"
                        }
                    ]
                }
            ],
            "logics": []
        }
    ],
    "summary": {
        "name": "lottery_draw_library",
        "title": "抽奖依赖库",
        "version": "0.1.3",
        "description": "",
        "frontends": [
            {
                "type": "pc",
                "viewComponents": [
                    {
                        "name": "cw-squared-draw-view",
                        "title": "九宫格抽奖"
                    }
                ],
                "logics": []
            },
            {
                "type": "h5",
                "viewComponents": [
                    {
                        "name": "cw-squared-draw-view",
                        "title": "九宫格抽奖"
                    }
                ],
                "logics": []
            }
        ]
    },
    "compilerInfoMap": {
        "js": {
            "prefix": "extension"
        }
    },
    "ideVersion": "3.2"
}