{
    "name": "gantt_library",
    "title": "甘特图",
    "description": "",
    "specVersion": "1.0.0",
    "type": "module",
    "subType": "extension",
    "version": "0.1.5",
    "frontends": [
        {
            "concept": "FrontendLibrary",
            "name": "pc",
            "type": "pc",
            "viewComponents": [
                {
                    "concept": "ViewComponent",
                    "name": "lcap-gantt",
                    "title": "甘特图",
                    "category": "gantt_library(甘特图)",
                    "blocks": [
                        {
                            "title": "基本用法",
                            "description": "",
                            "code": "<template>\n<lcap-gantt\n  :data-source=\"[\n        { id: 1, text1: '项目 #1', start: '2023-04-20 00:00', end: '2023-04-24 00:00', duration: 4, progress: 0.6, open: true, head: '赵一', state: 'default', color: '#5692f0', iconUrl: '' },\n        { id: 2, text1: '规划', start: '2023-04-20 00:00', end: '2023-04-24 00:00', duration: 3, progress: 0.8, parent: 1, head: '钱二', state: 'finished', color: '#5692f0', iconUrl: 'https://picnew7.photophoto.cn/20130122/shuimopingguotupian-10863377_1.jpg' },\n        { id: 3, text1: '实施', start: '2023-04-24 00:00', end: '2023-04-28 00:00', duration: 4, progress: 0.5, parent: 1, head: '孙三', state: 'unfinished', color: '#84bd54' },\n        { id: 4, text1: '复盘', start: '2023-04-28 00:00', end: '2023-05-3 00:00', duration: 3, progress: 0.1, parent: 1, head: '李四', state: 'canceled', color: '#da645d' },\n    ]\"\n  :ganttTableConfig=\"[\n            {'labelField':'项目名称','nameField':'text1', showTooltip: true, width: '100'},\n            {'labelField':'负责人','nameField':'head', showTooltip: true, width: '100'},\n            {'labelField':'开始日期','nameField':'start', showTooltip: true, width: '100'},\n            {'labelField':'结束日期','nameField':'end', showTooltip: true, width: '100'}\n            \n            ]\"\n  parent-field=\"parent\"\n  start-field=\"start\"\n  duration-field=\"duration\"\n  progress-field=\"progress\"\n  text-field=\"text1\"\n  taskView=\"day\"\n  color-field=\"color\"\n  id-field=\"id\"\n  icon-field=\"iconUrl\"\n  :jumpWeekend=\"false\"\n  :showFunctionBar=\"true\"\n  :gridWidth=\"300\"\n  skins=\"default\"\n  ganttEndDate=\"2023-07-19 20:07:41\"\n  style=\"--gantt-table-header-font-size:15px;\n                --gantt-table-scale-color: green;\n                --gantt-table-scale-font-size: 12px;\n                --gantt-table-header-font-color:red; \n                --gantt-table-header-text-align: center;\n                --gantt-table-background-color-striped: #f5f5f5;\n               --gantt-table-background-color-hover: #f5f5f5;\n               --gantt-table-cell-color: #000;\n                --gantt-table-header-font-weight: bold;\n                --gantt-item-progress-transparent: 0.5;\n                \n\"\n>\n</lcap-gantt>\n</template>"
                        }
                    ],
                    "attrs": [
                        {
                            "name": "ganttTableConfig",
                            "title": "甘特表格配置",
                            "type": "Array<Item> | Function | object | DataSource",
                            "description": "配置甘特左侧表格",
                            "bindHide": true,
                            "group": "数据属性"
                        },
                        {
                            "name": "gridWidth",
                            "title": "甘特表格最大宽度",
                            "type": "number",
                            "default": null,
                            "description": "配置甘特左侧表格最大宽度",
                            "group": "数据属性"
                        },
                        {
                            "name": "data-source",
                            "title": "数据源",
                            "type": "Array<Item> | Function | object | DataSource",
                            "designer-value": "[{}, {}, {}]",
                            "description": "甘特的数据源，数据集对象或者返回数据集的逻辑",
                            "group": "数据属性"
                        },
                        {
                            "name": "data-schema",
                            "title": "数据类型",
                            "type": "schema",
                            "description": "集合类型每一元素的数据类型",
                            "group": "数据属性",
                            "compType": "dataTypeSelect"
                        },
                        {
                            "name": "text-field",
                            "title": "文本字段",
                            "type": "string",
                            "default": "",
                            "description": "设置泳道图文本字段，用于显示泳道图上的文本",
                            "group": "数据属性"
                        },
                        {
                            "name": "start-field",
                            "title": "开始日期字段",
                            "type": "string",
                            "default": "",
                            "description": "设置泳道图开始日期字段",
                            "group": "数据属性"
                        },
                        {
                            "name": "end-field",
                            "title": "结束日期字段",
                            "type": "string",
                            "default": "",
                            "description": "设置泳道图结束日期字段，和持续时间字段二选一，同时设置以结束日期字段为准",
                            "group": "数据属性"
                        },
                        {
                            "name": "duration-field",
                            "title": "持续时间字段",
                            "type": "string",
                            "default": "",
                            "description": "设置泳道图持续时间字段，和结束日期字段二选一，同时设置以结束日期字段为准",
                            "group": "数据属性"
                        },
                        {
                            "name": "progress-field",
                            "title": "进度字段",
                            "type": "string",
                            "default": "",
                            "description": "设置泳道图进度字段，以小数形式计算，如0.5表示50%",
                            "group": "数据属性"
                        },
                        {
                            "name": "id-field",
                            "title": "值字段",
                            "type": "string",
                            "default": "",
                            "description": "设置泳道图值字段，用于设置泳道图的层级关系，父级字段值指向值字段具体值以构成层级关系",
                            "group": "数据属性"
                        },
                        {
                            "name": "parent-field",
                            "title": "父级字段",
                            "type": "string",
                            "default": "",
                            "description": "设置泳道图父级字段，用于设置泳道图的层级关系，父级字段值指向值字段具体值以构成层级关系",
                            "group": "数据属性"
                        },
                        {
                            "name": "color-field",
                            "title": "数据颜色字段",
                            "type": "string",
                            "default": "",
                            "description": "设置泳道图数据颜色字段，支持hex、英文名称格式",
                            "group": "数据属性"
                        },
                        {
                            "name": "icon-field",
                            "title": "图标字段",
                            "type": "string",
                            "default": "",
                            "description": "设置数据列表图标字段，仅会在文本字段上生效，支持配置png,jpg格式的图片链接",
                            "group": "数据属性"
                        },
                        {
                            "name": "showToday",
                            "title": "显示今日标记线",
                            "type": "boolean",
                            "default": true,
                            "description": "设置是否显示今日标记线",
                            "group": "展示属性"
                        },
                        {
                            "name": "jumpWeekend",
                            "title": "跳过周末",
                            "type": "boolean",
                            "default": false,
                            "group": "展示属性",
                            "description": "设置是否跳过周末，仅适用于配置持续时间字段时生效"
                        },
                        {
                            "name": "showFunctionBar",
                            "title": "显示功能栏",
                            "type": "boolean",
                            "default": false,
                            "group": "展示属性",
                            "description": "设置是否显示默认功能栏"
                        },
                        {
                            "name": "showTooltip",
                            "title": "显示Tooltip",
                            "type": "boolean",
                            "default": true,
                            "group": "展示属性",
                            "description": "设置是否显示Tooltip"
                        },
                        {
                            "name": "taskView",
                            "title": "切换日期视图",
                            "type": "string",
                            "default": "day",
                            "description": "切换日期视图",
                            "options": [
                                {
                                    "value": "day",
                                    "title": "日"
                                },
                                {
                                    "value": "week",
                                    "title": "周"
                                },
                                {
                                    "value": "month",
                                    "title": "月"
                                },
                                {
                                    "value": "year",
                                    "title": "年"
                                }
                            ],
                            "group": "展示属性"
                        },
                        {
                            "name": "dayDateScale",
                            "title": "显示日期格式",
                            "type": "string",
                            "default": "",
                            "description": "设置展示日期格式，例如*月*日星期*（%m月%d日星期%D）",
                            "group": "展示属性"
                        },
                        {
                            "name": "markers",
                            "title": "图例信息",
                            "type": "Array<Item>",
                            "designer-value": "[{}, {}, {}]",
                            "description": "给指定时间范围添加背景色的属性，形如ArrayList<{start, end, color, label}>，其中start/end表示开始结束时间，颜色表示图例背景色（red|blue|pink|yellow|green|orange|purple），label表示图例文案",
                            "group": "数据属性"
                        },
                        {
                            "name": "isShowLegend",
                            "title": "是否展示图例",
                            "type": "boolean",
                            "default": true,
                            "description": "是否展示左上角图例",
                            "group": "展示属性"
                        },
                        {
                            "name": "ganttStartDate",
                            "title": "横道图标尺开始日期",
                            "type": "string",
                            "default": "",
                            "description": "设置甘特开始显示的日期",
                            "group": "展示属性"
                        },
                        {
                            "name": "ganttEndDate",
                            "title": "横道图标尺结束日期",
                            "type": "string",
                            "default": "",
                            "description": "设置甘特结束显示的日期",
                            "group": "展示属性"
                        },
                        {
                            "name": "showTooltips",
                            "title": "是否展示tooltips",
                            "type": "boolean",
                            "default": true,
                            "description": "鼠标悬浮是否展示tooltips",
                            "group": "展示属性"
                        }
                    ],
                    "themes": [
                        {
                            "name": "--gantt-table-header-font-size",
                            "title": "表格表头字体大小",
                            "description": "设置表格表头字体大小",
                            "type": "input",
                            "default": "12px",
                            "group": "表头"
                        },
                        {
                            "name": "--gantt-table-header-font-color",
                            "title": "表格表头字体颜色",
                            "description": "设置表格表头字体颜色",
                            "type": "color",
                            "default": "#000",
                            "group": "表头"
                        },
                        {
                            "name": "--gantt-table-scale-color",
                            "title": "泳道图刻度颜色",
                            "description": "设置泳道图刻度颜色",
                            "type": "color",
                            "default": "#000",
                            "group": "表头"
                        },
                        {
                            "name": "--gantt-table-scale-font-size",
                            "title": "泳道图刻度字体大小",
                            "description": "设置泳道图刻度字体大小",
                            "type": "input",
                            "default": "12px",
                            "group": "表头"
                        },
                        {
                            "name": "--gantt-table-header-text-align",
                            "title": "表头对齐方式",
                            "description": "设置表头对齐方式（left、center、right）",
                            "type": "input",
                            "default": "center",
                            "group": "表头"
                        },
                        {
                            "name": "--gantt-table-header-background-color",
                            "title": "表头背景颜色",
                            "description": "设置表头背景颜色",
                            "type": "color",
                            "default": "#fff",
                            "group": "表头"
                        },
                        {
                            "name": "--gantt-table-header-font-weight",
                            "title": "表头字体加粗",
                            "description": "设置表头字体加粗",
                            "type": "input",
                            "default": "normal",
                            "group": "表头"
                        },
                        {
                            "name": "--gantt-table-background-color",
                            "title": "表格背景颜色",
                            "description": "设置表格背景颜色",
                            "type": "color",
                            "default": "#fff",
                            "group": "表格行"
                        },
                        {
                            "name": "--gantt-table-background-color-hover",
                            "title": "表格鼠标悬浮背景颜色",
                            "description": "设置表格鼠标悬浮背景颜色",
                            "type": "color",
                            "default": "#f5f5f5",
                            "group": "表格行"
                        },
                        {
                            "name": "--gantt-table-background-color-striped",
                            "title": "表格斑马纹背景颜色",
                            "description": "设置表格斑马纹背景颜色",
                            "type": "color",
                            "default": "#fff",
                            "group": "表格行"
                        },
                        {
                            "name": "--gantt-table-border-color",
                            "title": "表格边框颜色",
                            "description": "设置表格边框颜色",
                            "type": "color",
                            "default": "#ebeef5",
                            "group": "表格行"
                        },
                        {
                            "name": "--gantt-table-selected-color",
                            "title": "表格行选中颜色",
                            "description": "设置表格选中颜色",
                            "type": "color",
                            "default": "#fff3a1",
                            "group": "表格行"
                        },
                        {
                            "name": "--gantt-item-progress-transparent",
                            "title": "表格进度条透明度",
                            "description": "设置表格进度条透明度",
                            "type": "input",
                            "default": 0.2,
                            "group": "表格行"
                        },
                        {
                            "name": "--gantt-table-cell-color",
                            "title": "表格单元格字体颜色",
                            "description": "设置表格单元格颜色",
                            "type": "color",
                            "default": "#000",
                            "group": "表格单元格"
                        }
                    ],
                    "events": [
                        {
                            "name": "click",
                            "title": "点击",
                            "description": "点击时触发的事件",
                            "params": []
                        }
                    ],
                    "methods": [
                        {
                            "name": "load",
                            "title": "重新加载",
                            "description": "重新加载甘特",
                            "params": []
                        },
                        {
                            "name": "changeToday",
                            "title": "立刻定位到今日标记线",
                            "description": "立刻定位到今日标记线",
                            "params": []
                        }
                    ]
                }
            ],
            "logics": []
        }
    ],
    "summary": {
        "name": "gantt_library",
        "title": "甘特图",
        "version": "0.1.5",
        "description": "",
        "frontends": [
            {
                "type": "pc",
                "viewComponents": [
                    {
                        "name": "lcap-gantt",
                        "title": "甘特图"
                    }
                ],
                "logics": []
            }
        ]
    },
    "compilerInfoMap": {
        "js": {
            "prefix": "extension"
        }
    },
    "ideVersion": "3.2"
}