{
    "name": "cw_notification_sdk",
    "title": "全局提示",
    "description": "",
    "specVersion": "1.0.0",
    "type": "module",
    "subType": "extension",
    "version": "0.1.0",
    "frontends": [
        {
            "concept": "FrontendLibrary",
            "name": "pc",
            "type": "pc",
            "viewComponents": [],
            "logics": [
                {
                    "concept": "Logic",
                    "name": "notification",
                    "description": "通知",
                    "category": "cw_notification_sdk",
                    "params": [
                        {
                            "name": "type",
                            "concept": "Param",
                            "description": "这是一个描述",
                            "required": false,
                            "typeAnnotation": {
                                "concept": "TypeAnnotation",
                                "typeKind": "primitive",
                                "typeName": "String",
                                "typeNamespace": "nasl.core"
                            }
                        },
                        {
                            "name": "title",
                            "concept": "Param",
                            "description": "这是一个描述",
                            "required": false,
                            "typeAnnotation": {
                                "concept": "TypeAnnotation",
                                "typeKind": "primitive",
                                "typeName": "String",
                                "typeNamespace": "nasl.core"
                            }
                        },
                        {
                            "name": "message",
                            "concept": "Param",
                            "description": "这是一个描述",
                            "required": false,
                            "typeAnnotation": {
                                "concept": "TypeAnnotation",
                                "typeKind": "primitive",
                                "typeName": "String",
                                "typeNamespace": "nasl.core"
                            }
                        },
                        {
                            "name": "duration",
                            "concept": "Param",
                            "description": "这是一个描述",
                            "required": false,
                            "typeAnnotation": {
                                "concept": "TypeAnnotation",
                                "typeKind": "primitive",
                                "typeName": "Long",
                                "typeNamespace": "nasl.core"
                            }
                        },
                        {
                            "name": "showClose",
                            "concept": "Param",
                            "description": "这是一个描述",
                            "required": false,
                            "typeAnnotation": {
                                "concept": "TypeAnnotation",
                                "typeKind": "primitive",
                                "typeName": "Boolean",
                                "typeNamespace": "nasl.core"
                            }
                        }
                    ]
                }
            ]
        },
        {
            "concept": "FrontendLibrary",
            "name": "h5",
            "type": "h5",
            "viewComponents": [],
            "logics": [
                {
                    "concept": "Logic",
                    "name": "notification",
                    "description": "通知",
                    "category": "cw_notification_sdk",
                    "params": [
                        {
                            "name": "type",
                            "concept": "Param",
                            "description": "这是一个描述",
                            "required": false,
                            "typeAnnotation": {
                                "concept": "TypeAnnotation",
                                "typeKind": "primitive",
                                "typeName": "String",
                                "typeNamespace": "nasl.core"
                            }
                        },
                        {
                            "name": "title",
                            "concept": "Param",
                            "description": "这是一个描述",
                            "required": false,
                            "typeAnnotation": {
                                "concept": "TypeAnnotation",
                                "typeKind": "primitive",
                                "typeName": "String",
                                "typeNamespace": "nasl.core"
                            }
                        },
                        {
                            "name": "message",
                            "concept": "Param",
                            "description": "这是一个描述",
                            "required": false,
                            "typeAnnotation": {
                                "concept": "TypeAnnotation",
                                "typeKind": "primitive",
                                "typeName": "String",
                                "typeNamespace": "nasl.core"
                            }
                        },
                        {
                            "name": "duration",
                            "concept": "Param",
                            "description": "这是一个描述",
                            "required": false,
                            "typeAnnotation": {
                                "concept": "TypeAnnotation",
                                "typeKind": "primitive",
                                "typeName": "Long",
                                "typeNamespace": "nasl.core"
                            }
                        },
                        {
                            "name": "showClose",
                            "concept": "Param",
                            "description": "这是一个描述",
                            "required": false,
                            "typeAnnotation": {
                                "concept": "TypeAnnotation",
                                "typeKind": "primitive",
                                "typeName": "Boolean",
                                "typeNamespace": "nasl.core"
                            }
                        }
                    ]
                }
            ]
        }
    ],
    "summary": {
        "name": "cw_notification_sdk",
        "title": "全局提示",
        "version": "0.1.0",
        "description": "",
        "frontends": [
            {
                "type": "pc",
                "viewComponents": [],
                "logics": [
                    {
                        "name": "notification",
                        "description": "通知"
                    }
                ]
            },
            {
                "type": "h5",
                "viewComponents": [],
                "logics": [
                    {
                        "name": "notification",
                        "description": "通知"
                    }
                ]
            }
        ]
    },
    "compilerInfoMap": {
        "js": {
            "prefix": "extension"
        }
    },
    "ideVersion": "3.2"
}