{
    "name": "print_block_sdk",
    "title": "打印模块SDK",
    "description": "",
    "specVersion": "1.0.0",
    "type": "module",
    "subType": "extension",
    "version": "0.1.0",
    "frontends": [
        {
            "concept": "FrontendLibrary",
            "name": "pc",
            "type": "pc",
            "viewComponents": [
                {
                    "concept": "ViewComponent",
                    "name": "cw-print-view",
                    "title": "打印组件",
                    "category": "print_block_sdk(打印模块SDK)",
                    "blocks": [
                        {
                            "title": "基本用法",
                            "description": "",
                            "code": "<template>\n<cw-print-view></cw-print-view>\n</template>"
                        }
                    ],
                    "attrs": [
                        {
                            "name": "isShowPrint",
                            "title": "是否展示打印区域",
                            "type": "boolean",
                            "default": false,
                            "description": "是否显示打印区域"
                        }
                    ],
                    "methods": [
                        {
                            "name": "print",
                            "description": "打印",
                            "params": []
                        }
                    ]
                }
            ],
            "logics": []
        }
    ],
    "summary": {
        "name": "print_block_sdk",
        "title": "打印模块SDK",
        "version": "0.1.0",
        "description": "",
        "frontends": [
            {
                "type": "pc",
                "viewComponents": [
                    {
                        "name": "cw-print-view",
                        "title": "打印组件"
                    }
                ],
                "logics": []
            }
        ]
    },
    "compilerInfoMap": {
        "js": {
            "prefix": "extension"
        }
    },
    "ideVersion": "3.2"
}