{
    "name": "video_library",
    "title": "视频播放",
    "description": "",
    "specVersion": "1.0.0",
    "type": "module",
    "subType": "extension",
    "version": "0.1.2",
    "frontends": [
        {
            "concept": "FrontendLibrary",
            "name": "pc",
            "type": "pc",
            "viewComponents": [
                {
                    "concept": "ViewComponent",
                    "name": "cw-video-view",
                    "title": "视频",
                    "category": "video_library(视频播放)",
                    "blocks": [
                        {
                            "title": "基本用法",
                            "description": "",
                            "code": "<template>\n<cw-video-view  :autoplay=\"false\" draggable :loop=\"false\"></cw-video-view>\n</template>"
                        }
                    ],
                    "attrs": [
                        {
                            "name": "src",
                            "title": "地址",
                            "type": "string",
                            "description": "视频流地址"
                        },
                        {
                            "name": "poster",
                            "title": "封面地址",
                            "type": "image",
                            "compType": "linkInput",
                            "description": "视频默认封面地址"
                        },
                        {
                            "name": "breakProgress",
                            "title": "中断进度",
                            "type": "string",
                            "description": "从中断的进度开始播放"
                        },
                        {
                            "name": "autoplay",
                            "title": "自动播放",
                            "type": "boolean",
                            "description": "是否自动播放",
                            "default": false
                        },
                        {
                            "name": "draggable",
                            "title": "可拖放",
                            "type": "boolean",
                            "description": "是否可拖放",
                            "default": true
                        },
                        {
                            "name": "loop",
                            "title": "循环播放",
                            "type": "boolean",
                            "description": "是否循环播放",
                            "default": false
                        }
                    ],
                    "events": [
                        {
                            "name": "start",
                            "title": "播放开始时",
                            "params": [
                                {
                                    "name": "$event",
                                    "type": "object",
                                    "description": "播放器实例对象"
                                }
                            ]
                        },
                        {
                            "name": "pause",
                            "title": "暂停播放时",
                            "params": [
                                {
                                    "name": "$event",
                                    "type": "object",
                                    "description": "播放器实例对象"
                                }
                            ]
                        },
                        {
                            "name": "play",
                            "title": "继续播放时",
                            "params": [
                                {
                                    "name": "$event",
                                    "type": "object",
                                    "description": "播放器实例对象"
                                }
                            ]
                        },
                        {
                            "name": "ended",
                            "title": "播放结束时",
                            "params": [
                                {
                                    "name": "$event",
                                    "type": "object",
                                    "description": "播放器实例对象"
                                }
                            ]
                        },
                        {
                            "name": "videoProgress",
                            "title": "更新播放进度时",
                            "params": [
                                {
                                    "name": "$event",
                                    "type": "string",
                                    "description": "播放进度百分比"
                                }
                            ]
                        }
                    ],
                    "methods": [
                        {
                            "name": "play",
                            "description": "继续播放",
                            "params": []
                        },
                        {
                            "name": "pause",
                            "description": "暂停播放",
                            "params": []
                        }
                    ]
                }
            ],
            "logics": []
        },
        {
            "concept": "FrontendLibrary",
            "name": "h5",
            "type": "h5",
            "viewComponents": [
                {
                    "concept": "ViewComponent",
                    "name": "cw-video-view",
                    "title": "视频",
                    "category": "video_library(视频播放)",
                    "blocks": [
                        {
                            "title": "基本用法",
                            "description": "",
                            "code": "<template>\n<cw-video-view  :autoplay=\"false\" draggable :loop=\"false\"></cw-video-view>\n</template>"
                        }
                    ],
                    "attrs": [
                        {
                            "name": "src",
                            "title": "地址",
                            "type": "string",
                            "description": "视频流地址"
                        },
                        {
                            "name": "poster",
                            "title": "封面地址",
                            "type": "image",
                            "compType": "linkInput",
                            "description": "视频默认封面地址"
                        },
                        {
                            "name": "breakProgress",
                            "title": "中断进度",
                            "type": "string",
                            "description": "从中断的进度开始播放"
                        },
                        {
                            "name": "autoplay",
                            "title": "自动播放",
                            "type": "boolean",
                            "description": "是否自动播放",
                            "default": false
                        },
                        {
                            "name": "draggable",
                            "title": "可拖放",
                            "type": "boolean",
                            "description": "是否可拖放",
                            "default": true
                        },
                        {
                            "name": "loop",
                            "title": "循环播放",
                            "type": "boolean",
                            "description": "是否循环播放",
                            "default": false
                        }
                    ],
                    "events": [
                        {
                            "name": "start",
                            "title": "播放开始时",
                            "params": [
                                {
                                    "name": "$event",
                                    "type": "object",
                                    "description": "播放器实例对象"
                                }
                            ]
                        },
                        {
                            "name": "pause",
                            "title": "暂停播放时",
                            "params": [
                                {
                                    "name": "$event",
                                    "type": "object",
                                    "description": "播放器实例对象"
                                }
                            ]
                        },
                        {
                            "name": "play",
                            "title": "继续播放时",
                            "params": [
                                {
                                    "name": "$event",
                                    "type": "object",
                                    "description": "播放器实例对象"
                                }
                            ]
                        },
                        {
                            "name": "ended",
                            "title": "播放结束时",
                            "params": [
                                {
                                    "name": "$event",
                                    "type": "object",
                                    "description": "播放器实例对象"
                                }
                            ]
                        },
                        {
                            "name": "videoProgress",
                            "title": "更新播放进度时",
                            "params": [
                                {
                                    "name": "$event",
                                    "type": "string",
                                    "description": "播放进度百分比"
                                }
                            ]
                        }
                    ],
                    "methods": [
                        {
                            "name": "play",
                            "description": "继续播放",
                            "params": []
                        },
                        {
                            "name": "pause",
                            "description": "暂停播放",
                            "params": []
                        }
                    ]
                }
            ],
            "logics": []
        }
    ],
    "summary": {
        "name": "video_library",
        "title": "视频播放",
        "version": "0.1.2",
        "description": "",
        "frontends": [
            {
                "type": "pc",
                "viewComponents": [
                    {
                        "name": "cw-video-view",
                        "title": "视频"
                    }
                ],
                "logics": []
            },
            {
                "type": "h5",
                "viewComponents": [
                    {
                        "name": "cw-video-view",
                        "title": "视频"
                    }
                ],
                "logics": []
            }
        ]
    },
    "compilerInfoMap": {
        "js": {
            "prefix": "extension"
        }
    },
    "ideVersion": "3.2"
}