{
    "name": "cw_qrcode_library",
    "title": "扫一扫依赖库",
    "description": "",
    "specVersion": "1.0.0",
    "type": "module",
    "subType": "extension",
    "version": "1.0.0",
    "frontends": [
        {
            "concept": "FrontendLibrary",
            "name": "h5",
            "type": "h5",
            "viewComponents": [
                {
                    "concept": "ViewComponent",
                    "name": "cw-qrcode-scan-view",
                    "title": "扫一扫",
                    "category": "cw_qrcode_library(扫一扫依赖库)",
                    "blocks": [
                        {
                            "title": "基本用法",
                            "description": "",
                            "code": "<template>\n<cw-qrcode-scan-view></cw-qrcode-scan-view>\n</template>"
                        }
                    ],
                    "events": [
                        {
                            "name": "onScan",
                            "title": "onScan",
                            "description": "扫码成功后触发",
                            "params": [
                                {
                                    "name": "event",
                                    "type": "string",
                                    "description": "参数"
                                }
                            ]
                        }
                    ]
                }
            ],
            "logics": []
        }
    ],
    "summary": {
        "name": "cw_qrcode_library",
        "title": "扫一扫依赖库",
        "version": "1.0.0",
        "description": "",
        "frontends": [
            {
                "type": "h5",
                "viewComponents": [
                    {
                        "name": "cw-qrcode-scan-view",
                        "title": "扫一扫"
                    }
                ],
                "logics": []
            }
        ]
    },
    "compilerInfoMap": {
        "js": {
            "prefix": "extension"
        }
    },
    "ideVersion": "3.2"
}