{
    "name": "formula_design_library",
    "title": "公式设计依赖库",
    "description": "",
    "specVersion": "1.0.0",
    "type": "module",
    "subType": "extension",
    "version": "0.2.3",
    "frontends": [
        {
            "concept": "FrontendLibrary",
            "name": "pc",
            "type": "pc",
            "viewComponents": [
                {
                    "concept": "ViewComponent",
                    "name": "calculation-formula-design-view",
                    "title": "计算公式组件",
                    "category": "formula_design_library(公式设计依赖库)",
                    "blocks": [
                        {
                            "title": "基本用法",
                            "description": "",
                            "code": "<template>\n<calculation-formula-design-view></calculation-formula-design-view>\n</template>"
                        }
                    ],
                    "attrs": [
                        {
                            "name": "value",
                            "title": "公式内容",
                            "type": "string",
                            "sync": true,
                            "description": "公式内容"
                        },
                        {
                            "name": "customMapList",
                            "title": "自定义变量",
                            "type": "string",
                            "description": "自定义变量"
                        }
                    ]
                },
                {
                    "concept": "ViewComponent",
                    "name": "judgement-formula-design-view",
                    "title": "判断公式组件",
                    "category": "formula_design_library(公式设计依赖库)",
                    "blocks": [
                        {
                            "title": "基本用法",
                            "description": "",
                            "code": "<template>\n<judgement-formula-design-view></judgement-formula-design-view>\n</template>"
                        }
                    ],
                    "attrs": [
                        {
                            "name": "value",
                            "title": "公式内容",
                            "type": "string",
                            "sync": true,
                            "description": "公式内容"
                        }
                    ]
                }
            ],
            "logics": [
                {
                    "concept": "Logic",
                    "name": "formulaToResult",
                    "description": "公式转化成结果",
                    "category": "formula_design_library",
                    "params": [
                        {
                            "name": "resource",
                            "concept": "Param",
                            "description": "当前值",
                            "required": false,
                            "typeAnnotation": {
                                "concept": "TypeAnnotation",
                                "typeKind": "primitive",
                                "typeName": "String",
                                "typeNamespace": "nasl.core"
                            }
                        },
                        {
                            "name": "target",
                            "concept": "Param",
                            "description": "目标值",
                            "required": false,
                            "typeAnnotation": {
                                "concept": "TypeAnnotation",
                                "typeKind": "primitive",
                                "typeName": "String",
                                "typeNamespace": "nasl.core"
                            }
                        },
                        {
                            "name": "code",
                            "concept": "Param",
                            "description": "公式",
                            "required": true,
                            "typeAnnotation": {
                                "concept": "TypeAnnotation",
                                "typeKind": "primitive",
                                "typeName": "String",
                                "typeNamespace": "nasl.core"
                            }
                        },
                        {
                            "name": "customMapList",
                            "concept": "Param",
                            "description": "自定义属性",
                            "required": false,
                            "typeAnnotation": {
                                "concept": "TypeAnnotation",
                                "typeName": "List",
                                "typeKind": "generic",
                                "typeNamespace": "nasl.collection",
                                "typeArguments": [
                                    {
                                        "concept": "TypeAnnotation",
                                        "typeKind": "reference",
                                        "typeName": "Formulainfo",
                                        "typeNamespace": "extensions.formula_design_library.structures"
                                    }
                                ]
                            }
                        }
                    ],
                    "returns": [
                        {
                            "name": "result",
                            "concept": "Return",
                            "typeAnnotation": {
                                "concept": "TypeAnnotation",
                                "typeKind": "primitive",
                                "typeName": "String",
                                "typeNamespace": "nasl.core"
                            }
                        }
                    ]
                },
                {
                    "concept": "Logic",
                    "name": "formulaToString",
                    "description": "公式转字符串",
                    "category": "formula_design_library",
                    "params": [
                        {
                            "name": "code",
                            "concept": "Param",
                            "description": "这是一个描述",
                            "required": true,
                            "typeAnnotation": {
                                "concept": "TypeAnnotation",
                                "typeKind": "primitive",
                                "typeName": "String",
                                "typeNamespace": "nasl.core"
                            }
                        },
                        {
                            "name": "customMapList",
                            "concept": "Param",
                            "description": "自定义属性",
                            "required": false,
                            "typeAnnotation": {
                                "concept": "TypeAnnotation",
                                "typeName": "List",
                                "typeKind": "generic",
                                "typeNamespace": "nasl.collection",
                                "typeArguments": [
                                    {
                                        "concept": "TypeAnnotation",
                                        "typeKind": "reference",
                                        "typeName": "Formulainfo",
                                        "typeNamespace": "extensions.formula_design_library.structures"
                                    }
                                ]
                            }
                        }
                    ],
                    "returns": [
                        {
                            "name": "result",
                            "concept": "Return",
                            "typeAnnotation": {
                                "concept": "TypeAnnotation",
                                "typeKind": "primitive",
                                "typeName": "String",
                                "typeNamespace": "nasl.core"
                            }
                        }
                    ]
                }
            ]
        },
        {
            "concept": "FrontendLibrary",
            "name": "h5",
            "type": "h5",
            "viewComponents": [
                {
                    "concept": "ViewComponent",
                    "name": "judgement-formula-design-view",
                    "title": "判断公式组件",
                    "category": "formula_design_library(公式设计依赖库)",
                    "blocks": [
                        {
                            "title": "基本用法",
                            "description": "",
                            "code": "<template>\n<judgement-formula-design-view></judgement-formula-design-view>\n</template>"
                        }
                    ],
                    "attrs": [
                        {
                            "name": "value",
                            "title": "公式内容",
                            "type": "string",
                            "sync": true,
                            "description": "公式内容"
                        }
                    ]
                }
            ],
            "logics": []
        }
    ],
    "summary": {
        "name": "formula_design_library",
        "title": "公式设计依赖库",
        "version": "0.2.3",
        "description": "",
        "frontends": [
            {
                "type": "pc",
                "viewComponents": [
                    {
                        "name": "calculation-formula-design-view",
                        "title": "计算公式组件"
                    },
                    {
                        "name": "judgement-formula-design-view",
                        "title": "判断公式组件"
                    }
                ],
                "logics": [
                    {
                        "name": "formulaToResult",
                        "description": "公式转化成结果"
                    },
                    {
                        "name": "formulaToString",
                        "description": "公式转字符串"
                    }
                ]
            },
            {
                "type": "h5",
                "viewComponents": [
                    {
                        "name": "judgement-formula-design-view",
                        "title": "判断公式组件"
                    }
                ],
                "logics": []
            }
        ]
    },
    "compilerInfoMap": {
        "js": {
            "prefix": "extension"
        }
    },
    "ideVersion": "3.2",
    "structures": [
        {
            "name": "FormulaInfo",
            "description": "公式信息数据结构",
            "properties": [
                {
                    "title": "值",
                    "name": "code",
                    "defaultValue": "false",
                    "typeAnnotation": {
                        "concept": "TypeAnnotation",
                        "typeKind": "primitive",
                        "typeName": "String",
                        "typeNamespace": "nasl.core"
                    }
                },
                {
                    "title": "名称",
                    "name": "name",
                    "defaultValue": "false",
                    "typeAnnotation": {
                        "concept": "TypeAnnotation",
                        "typeKind": "primitive",
                        "typeName": "String",
                        "typeNamespace": "nasl.core"
                    }
                }
            ]
        }
    ]
}